-- phpMyAdmin SQL Dump
-- version 5.2.1
-- https://www.phpmyadmin.net/
--
-- Host: localhost:3306
-- Generation Time: Oct 31, 2023 at 06:39 AM
-- Server version: 10.6.15-MariaDB-cll-lve
-- PHP Version: 8.1.16

SET SQL_MODE = "NO_AUTO_VALUE_ON_ZERO";
START TRANSACTION;
SET time_zone = "+00:00";


/*!40101 SET @OLD_CHARACTER_SET_CLIENT=@@CHARACTER_SET_CLIENT */;
/*!40101 SET @OLD_CHARACTER_SET_RESULTS=@@CHARACTER_SET_RESULTS */;
/*!40101 SET @OLD_COLLATION_CONNECTION=@@COLLATION_CONNECTION */;
/*!40101 SET NAMES utf8mb4 */;

--
-- Database: `u1576527_db_carrental`
--

-- --------------------------------------------------------

--
-- Table structure for table `tb_formkembali`
--

CREATE TABLE `tb_formkembali` (
  `idKembali` int(11) NOT NULL,
  `sewaId` int(11) NOT NULL,
  `pelangganId` int(11) NOT NULL,
  `tglKembali` datetime NOT NULL
) ENGINE=InnoDB DEFAULT CHARSET=utf8mb4 COLLATE=utf8mb4_general_ci;

-- --------------------------------------------------------

--
-- Table structure for table `tb_formsewa`
--

CREATE TABLE `tb_formsewa` (
  `idSewa` varchar(36) NOT NULL,
  `tglSewa` timestamp NOT NULL DEFAULT current_timestamp() ON UPDATE current_timestamp(),
  `noSewa` varchar(36) NOT NULL,
  `tipeSewa` varchar(10) NOT NULL,
  `pelangganId` varchar(36) NOT NULL,
  `mobilId` varchar(36) NOT NULL,
  `rute` text NOT NULL,
  `muatan` text NOT NULL,
  `tglBerangkat` date NOT NULL,
  `jamBerangkat` time NOT NULL,
  `tglKembali` date NOT NULL,
  `jamKembali` time NOT NULL,
  `tipeTarif` varchar(4) NOT NULL,
  `lamaSewa` varchar(15) NOT NULL,
  `totalTarif` varchar(30) NOT NULL,
  `dp` varchar(30) NOT NULL,
  `jasaSopir` varchar(30) NOT NULL,
  `jasaAntar` varchar(30) NOT NULL,
  `overtime` varchar(30) NOT NULL,
  `klaim` varchar(30) NOT NULL,
  `totalBayar` varchar(30) NOT NULL,
  `kurangBayar` varchar(30) NOT NULL,
  `keterangan` text NOT NULL,
  `created_by` varchar(36) NOT NULL,
  `created_at` timestamp NOT NULL DEFAULT '0000-00-00 00:00:00'
) ENGINE=InnoDB DEFAULT CHARSET=utf8mb4 COLLATE=utf8mb4_general_ci;

--
-- Dumping data for table `tb_formsewa`
--

INSERT INTO `tb_formsewa` (`idSewa`, `tglSewa`, `noSewa`, `tipeSewa`, `pelangganId`, `mobilId`, `rute`, `muatan`, `tglBerangkat`, `jamBerangkat`, `tglKembali`, `jamKembali`, `tipeTarif`, `lamaSewa`, `totalTarif`, `dp`, `jasaSopir`, `jasaAntar`, `overtime`, `klaim`, `totalBayar`, `kurangBayar`, `keterangan`, `created_by`, `created_at`) VALUES
('01a13c68-044e-48fe-bab3-b2ae9bbc0e19', '2023-10-25 01:14:37', '100/ET-SP/25102023', 'SP', '85fa4821-dfc2-4222-8bc0-7befcbf5dac7', '1da628b9-b9d1-45fb-b13b-b6f8250d75ae', 'Sidoarjo-Surabaya', '', '2023-05-08', '00:21:00', '2023-05-09', '00:21:00', '24', '1', '275000', '100000', '0', '0', '0', '', '275000', '175000', '-', '0bd222f8-6e42-11ee-915d-71f781a1a24b', '2023-10-25 01:14:37'),
('089b1537-3330-413c-8ef0-ae6ff25f7a41', '2023-10-19 05:47:12', '001/ET-SP/17102023', 'SP', '936a188b-3c5a-4fdc-831b-3aa2f56cc957', '85f05a5d-f164-4f34-89d3-ba3ea760587e', 'Blitar - Kediri', '', '2023-03-16', '13:00:00', '2023-03-18', '13:00:00', '24', '2', '400000', '', '0', '0', '0', '', '400000', '', '-', '0bd222f8-6e42-11ee-915d-71f781a1a24b', '0000-00-00 00:00:00'),
('0923a031-3d71-4e80-bc2e-c02b274a0b36', '2023-10-23 20:14:20', '067/ET-SP/24102023', 'SP', '0c652b56-c130-4173-a59e-326b31693507', 'ec8cae6c-ec0d-475a-a474-e3a4f6494a43', 'Surabaya-Gresik', '', '2023-05-14', '14:00:00', '2023-05-17', '14:00:00', '24', '3', '825000', '275000', '0', '0', '0', '', '825000', '550000', 'Kerja di bandara juanda: Engineering pesawat', '0bd222f8-6e42-11ee-915d-71f781a1a24b', '2023-10-23 20:14:20'),
('092684ab-487c-4424-8ff3-4d63ded1d172', '2023-10-19 02:02:54', '038/ET-SP/19102023', 'SP', '4312ba92-27e5-4078-b4a4-dae1ea793a97', 'd7a1d18e-957b-458d-9015-89aa07f7bba6', 'Madiun ', '', '2023-05-04', '12:00:00', '2023-05-05', '12:00:00', '24', '1', '350000', '', '0', '0', '0', '', '350000', '', 'PT Nevitama (Cuci Bersih)', '0bd222f8-6e42-11ee-915d-71f781a1a24b', '2023-10-19 02:02:54'),
('0a688b0c-41b0-4577-bb9b-ae03b064ba14', '2023-10-23 19:58:40', '064/ET-SP/24102023', 'SP', '759b9511-939d-4689-bc58-c7c9738d1070', 'b0e3466a-dc70-4a96-a298-be07507e688b', 'Jombang', '', '2023-05-14', '05:00:00', '2023-05-15', '05:00:00', '24', '1', '275000', '200000', '0', '0', '0', '', '275000', '75000', '-', '0bd222f8-6e42-11ee-915d-71f781a1a24b', '2023-10-23 19:58:40'),
('0a8f714a-d447-4acd-97aa-0dd5644ff5ce', '2023-10-26 02:22:48', '118/ET-SP/26102023', 'SP', 'a6bb93c1-71db-4765-acbb-f3dade5cf73c', '5ce1f493-cbdb-4931-ad5f-80b9c84c6517', 'Tretes-Malang', '', '2023-06-06', '13:50:00', '2023-06-07', '13:50:00', '24', '1', '225000', '', '0', '0', '0', '', '225000', '', '-', '0bd222f8-6e42-11ee-915d-71f781a1a24b', '2023-10-26 02:22:48'),
('0d6ca21d-0dd3-45b4-9d77-5f23d5b02acc', '2023-10-23 01:14:49', '059/ET-SP/23102023', 'SP', '95077e14-25f8-4fbc-a050-eca383ef8595', 'b0e3466a-dc70-4a96-a298-be07507e688b', 'Surabaya-Batu', '', '2023-05-13', '08:42:00', '2023-05-14', '00:00:00', '24', '1', '275000', '', '0', '0', '0', '', '275000', '', 'Mobil Bersih', '0bd222f8-6e42-11ee-915d-71f781a1a24b', '2023-10-23 01:14:49'),
('10cb309f-f598-4fca-84c5-42ade7e486df', '2023-10-28 02:14:47', '129/ET-SP/28102023', 'SP', '553b7d5d-1ec8-4c33-aafe-86fbb4bfeb4a', 'ec8cae6c-ec0d-475a-a474-e3a4f6494a43', 'Sidoarjo-Surabaya', '', '2023-10-28', '17:00:00', '2023-10-29', '17:00:00', '24', '1', '300000', '100000', '0', '0', '0', '', '300000', '200000', '-', 'cf5ed63c-6e41-11ee-915d-71f781a1a24b', '2023-10-28 02:14:47'),
('128b33dc-a69e-42aa-9108-d024278d83f7', '2023-10-26 00:11:32', '112/ET-SP/26102023', 'SP', '54105721-498e-45a7-83ce-5625485875bd', 'b0e3466a-dc70-4a96-a298-be07507e688b', 'Pandaan-Malang-Lumajang-Sidoarjo', '', '2023-04-21', '00:01:00', '2023-04-27', '00:00:00', '24', '7', '3850000', '500000', '0', '0', '0', '', '3850000', '3350000', 'Paketan (Kecepatan maks 80km/jam kondisi ban serep diskon 100.000)', '0bd222f8-6e42-11ee-915d-71f781a1a24b', '2023-10-26 00:11:32'),
('148b0bcd-92ee-4dee-aa95-3f4f842221b8', '2023-10-24 02:45:54', '095/ET-SP/24102023', 'SP', '02fbc6b3-bc8f-472f-b395-eb4bb46e43ee', '08c98660-6a43-4da3-946d-83f23d3f4c0e', 'Ponorogo', '', '2023-10-15', '10:35:19', '2023-10-17', '10:35:35', '24', '2', '700000', '200000', '0', '0', '0', '', '650000', '500000', 'harga Weekend (350.000) + Weekday (300.000) ', 'cf5ed63c-6e41-11ee-915d-71f781a1a24b', '2023-10-24 02:45:54'),
('1490f1ba-2599-4e39-9b5c-599635230f99', '2023-10-25 01:42:22', '105/ET-SB/25102023', 'SB', '8f648377-f5d8-4c13-a044-ee8e74c975e6', '09446e0f-e3c3-4446-9191-c94de813dfdc', 'Surabaya', '-', '2023-05-09', '23:10:00', '2023-05-12', '23:10:00', '24', '3', '750000', '', '0', '0', '0', '', '750000', '', '-', '0bd222f8-6e42-11ee-915d-71f781a1a24b', '2023-10-25 01:42:22'),
('14a5b9e6-5546-4c6c-a34f-14af8bf59e5e', '2023-10-21 01:46:55', '045/ET-SP/21102023', 'SP', 'e421a105-70a7-44b6-8a5d-58a9e4d73774', '08c98660-6a43-4da3-946d-83f23d3f4c0e', 'Malang', '', '2023-10-21', '16:30:00', '2023-10-22', '16:30:00', '24', '1', '350000', '200000', '0', '0', '0', '', '350000', '150000', '-', 'cf5ed63c-6e41-11ee-915d-71f781a1a24b', '2023-10-21 01:46:55'),
('14fa81ad-134a-47ac-850e-0258c23f4cfd', '2023-10-24 21:41:44', '097/ET-SP/25102023', 'SP', '2f60530e-f0ca-488e-bad5-019f22d8fec4', '1da628b9-b9d1-45fb-b13b-b6f8250d75ae', 'Malang ', '', '2023-10-25', '11:40:16', '2023-10-26', '11:40:28', '24', '1', '300000', '0', '0', '0', '0', '', '300000', '300000', '-', 'cf5ed63c-6e41-11ee-915d-71f781a1a24b', '2023-10-24 21:41:44'),
('1652e5f0-c28f-4e8b-8d08-ba08b7707059', '2023-10-23 22:08:01', '077/ET-SB/24102023', 'SB', 'af9f9fe1-769a-418c-8c5f-dba0148e0fc0', '09446e0f-e3c3-4446-9191-c94de813dfdc', 'Surabaya-Porong', 'Biji Asam', '2023-10-20', '08:30:30', '2023-10-20', '20:30:13', '12', '1', '200000', '0', '0', '0', '0', '', '200000', '200000', '-', 'cf5ed63c-6e41-11ee-915d-71f781a1a24b', '2023-10-23 22:08:01'),
('1688fcc3-0979-4a10-919f-5d698c9790be', '2023-10-19 05:47:17', '014/ET-SB/17102023', 'SB', '1f28d86d-2843-4526-9b45-16689dc806fb', '4306da1a-7d7d-4aec-9004-dbd01c68c844', 'Lamongan - Kertosono - Jember', '-', '2023-04-21', '15:00:00', '2023-04-25', '15:00:00', '24', '4', '1000000', '', '0', '0', '0', '', '1000000', '', '-', '0bd222f8-6e42-11ee-915d-71f781a1a24b', '0000-00-00 00:00:00'),
('192524f1-d14a-40c7-aa46-3f6345c80682', '2023-10-19 05:47:18', '026/ET-SP/18102023', 'SP', '12d16479-4ba1-4554-8846-2437a00f52aa', '1da628b9-b9d1-45fb-b13b-b6f8250d75ae', 'Pacet', '', '2023-04-29', '08:41:00', '2023-04-30', '00:00:00', '24', '2', '650000', '300000', '0', '0', '0', '', '650000', '350000', 'Mahasiswa', '0bd222f8-6e42-11ee-915d-71f781a1a24b', '0000-00-00 00:00:00'),
('19ec758a-1e95-49ca-84e5-7b8832cf3921', '2023-10-26 01:44:31', '117/ET-SP/26102023', 'SP', '674bb841-b76d-471b-99b5-506949204d7d', '1da628b9-b9d1-45fb-b13b-b6f8250d75ae', 'Jombang', '', '2023-10-26', '15:45:57', '2023-10-27', '15:45:10', '24', '1', '300000', '100000', '0', '0', '0', '', '300000', '200000', '-', 'cf5ed63c-6e41-11ee-915d-71f781a1a24b', '2023-10-26 01:44:31'),
('1aa674fb-0969-47c3-b5e2-08322d31ac29', '2023-10-23 22:01:15', '076/ET-SP/24102023', 'SP', 'de75c18d-79f4-4140-8245-f8e8cedf4adf', 'd7a1d18e-957b-458d-9015-89aa07f7bba6', 'Pasuruan', '', '2023-10-22', '05:00:00', '2023-10-23', '05:00:00', '24', '1', '350000', '100000', '0', '0', '0', '', '350000', '250000', '-', 'cf5ed63c-6e41-11ee-915d-71f781a1a24b', '2023-10-23 22:01:15'),
('1e017129-95f0-4cc6-80ac-8721aa9f507c', '2023-10-25 01:14:37', '100/ET-SP/25102023', 'SP', '85fa4821-dfc2-4222-8bc0-7befcbf5dac7', '1da628b9-b9d1-45fb-b13b-b6f8250d75ae', 'Sidoarjo-Surabaya', '', '2023-05-08', '00:21:00', '2023-05-09', '00:21:00', '24', '1', '275000', '100000', '0', '0', '0', '', '275000', '175000', '-', '0bd222f8-6e42-11ee-915d-71f781a1a24b', '2023-10-25 01:14:37'),
('203e5d44-684e-4988-b8b1-3e6aa105aec0', '2023-10-24 01:39:36', '089/ET-SP/24102023', 'SP', 'fa6dc37d-5542-4888-b7e9-7399bbab2454', '481c5777-1bd3-4f11-b368-9a9e854cb980', 'Bojonegara', '', '2023-05-06', '00:00:00', '2023-05-07', '00:00:00', '24', '1', '400000', '150000', '0', '0', '0', '', '400000', '250000', '-', '0bd222f8-6e42-11ee-915d-71f781a1a24b', '2023-10-24 01:39:36'),
('20875f25-ded2-483c-af72-9a2a897456bb', '2023-10-19 02:20:20', '040/ET-SP/19102023', 'SP', 'fd69e4ed-5f3b-4e6b-9225-d4fc4387212a', '1da628b9-b9d1-45fb-b13b-b6f8250d75ae', 'Surabaya', '', '2023-05-09', '16:55:00', '2023-05-10', '16:55:00', '24', '1', '275000', '100000', '0', '0', '0', '', '275000', '175000', 'KTP atas nama Audi Nurma Aprilia', '0bd222f8-6e42-11ee-915d-71f781a1a24b', '2023-10-19 02:20:20'),
('22d22167-8fc6-4193-a0d3-0b3a7467f447', '2023-10-30 02:18:14', '131/ET-SB/30102023', 'SB', '3c06b830-5736-4576-884f-bdd153baca6e', 'da10845e-b345-4923-85e5-20b86cf6f4b8', 'Trenggalek', 'Kabel dan Akselerasi', '2023-10-30', '16:16:47', '2023-11-30', '16:16:22', '24', '30', '4500000', '1000000', '0', '0', '0', '', '4500000', '3500000', 'Sewa Bulanan', 'cf5ed63c-6e41-11ee-915d-71f781a1a24b', '2023-10-30 02:18:14'),
('2510b79c-569a-4357-b27f-a068cf36fdc3', '2023-10-21 21:37:02', '049/ET-SB/22102023', 'SB', '806bb616-8382-4009-aede-7f266c1942eb', '09446e0f-e3c3-4446-9191-c94de813dfdc', 'Bojonegoro', 'Topi', '2023-10-22', '11:36:32', '2023-10-23', '11:36:39', '24', '1', '250000', '250000', '0', '0', '0', '', '250000', '0', '-', 'cf5ed63c-6e41-11ee-915d-71f781a1a24b', '2023-10-21 21:37:02'),
('286de8ca-908d-49a3-abbc-eee50413a3a4', '2023-10-26 00:28:22', '114/ET-SP/26102023', 'SP', '9a621fd0-0f51-4fd1-9fc7-f0e3e444eb2a', 'd7a1d18e-957b-458d-9015-89aa07f7bba6', 'Sragen-Madiun', '', '2023-06-06', '13:10:00', '2023-06-07', '13:10:00', '24', '1', '400000', '', '0', '0', '0', '', '400000', '', 'Mobil Bersih', '0bd222f8-6e42-11ee-915d-71f781a1a24b', '2023-10-26 00:28:22'),
('2a8f5b8f-7d65-465e-98f9-a8ceed9b6d56', '2023-10-25 01:34:38', '102/ET-SB/25102023', 'SB', 'f8bd0bad-334a-4a00-b8ff-fb2c63a6fd94', '09446e0f-e3c3-4446-9191-c94de813dfdc', 'Jombang', 'Telur ', '2023-10-15', '08:10:22', '2023-10-16', '08:10:59', '24', '1', '250000', '0', '0', '0', '0', '', '250000', '250000', '-', 'cf5ed63c-6e41-11ee-915d-71f781a1a24b', '2023-10-25 01:34:38'),
('2f53dc82-8e60-4c08-a11b-6f3f32753183', '2023-10-20 20:23:05', '043/ET-SB/21102023', 'SB', '2e244059-cfd9-4cbf-9198-e85cbebd7ac3', '4306da1a-7d7d-4aec-9004-dbd01c68c844', 'Nganjuk', 'Pagar, Lemari', '2023-10-21', '10:21:51', '2023-10-22', '10:21:58', '24', '1', '250000', '50000', '0', '0', '0', '', '250000', '200000', '-', 'cf5ed63c-6e41-11ee-915d-71f781a1a24b', '2023-10-20 20:23:05'),
('31cce784-900f-44eb-84ce-a8c99a95b2f6', '2023-10-19 05:47:21', '011/ET-SP/17102023', 'SP', '2d7e36dc-379d-4c54-818a-b1c27be317a9', '85f05a5d-f164-4f34-89d3-ba3ea760587e', 'Blitar - Tulungangung', '', '2023-04-20', '08:25:00', '2023-04-26', '12:00:00', '24', '7', '3000000', '900000', '0', '0', '0', '', '3000000', '2100000', 'PAKET LEBARAN (Sopir an Sudiro Samirono no.081330897659', '0bd222f8-6e42-11ee-915d-71f781a1a24b', '0000-00-00 00:00:00'),
('324d13b6-20b6-4f54-9618-6dc1a10c80bb', '2023-10-24 02:35:14', '093/ET-SP/24102023', 'SP', '642002c6-f2ed-4321-b2f6-b91bc7b76387', '1da628b9-b9d1-45fb-b13b-b6f8250d75ae', 'Surabaya-Sidoarjo', '', '2023-10-20', '15:00:00', '2023-10-20', '03:00:00', '12', '1', '250000', '0', '0', '50000', '0', '', '300000', '250000', '-', 'cf5ed63c-6e41-11ee-915d-71f781a1a24b', '2023-10-24 02:35:14'),
('3259f0bb-cdf0-4944-a5a1-23bf31a44fda', '2023-10-19 05:47:24', '020/ET-SP/17102023', 'SP', '5b6dbce7-7422-4ae7-8af8-c6a863b92945', '5ce1f493-cbdb-4931-ad5f-80b9c84c6517', 'Surabaya-Sidoarjo', '', '2023-04-28', '06:00:00', '2023-04-29', '06:00:00', '24', '2', '500000', '150000', '0', '0', '0', '', '500000', '350000', '-', '0bd222f8-6e42-11ee-915d-71f781a1a24b', '0000-00-00 00:00:00'),
('3324ea95-8e13-4551-a104-dac4c1431938', '2023-10-25 01:08:45', '099/ET-SP/25102023', 'SP', 'f1af93c2-c46b-4e7a-a61e-cf84b4d48c63', 'ec8cae6c-ec0d-475a-a474-e3a4f6494a43', 'Jogja', '', '2023-05-07', '05:30:00', '2023-05-10', '05:30:00', '24', '3', '1125000', '200000', '0', '0', '0', '', '1125000', '925000', '-', '0bd222f8-6e42-11ee-915d-71f781a1a24b', '2023-10-25 01:08:45'),
('33eb6b14-99a6-4086-8ca2-5c5b14dfa9e7', '2023-10-24 01:27:19', '087/ET-SP/24102023', 'SP', '624835c7-a87a-43dc-8352-a6c804eb4883', '1da628b9-b9d1-45fb-b13b-b6f8250d75ae', 'Malang-Batu', '', '2023-05-06', '22:30:00', '2023-05-07', '22:30:00', '24', '1', '275000', '', '0', '0', '0', '', '275000', '', '-', '0bd222f8-6e42-11ee-915d-71f781a1a24b', '2023-10-24 01:27:19'),
('371c4664-e7b4-4492-bdc4-bf1cabc11622', '2023-10-24 02:26:49', '092/ET-SP/24102023', 'SP', '188bf4fa-165b-4071-a915-a33f639987de', '62fc7126-6ab5-4de5-ac9c-d5dfe68e6a55', 'Surabaya', '', '2023-05-06', '23:50:00', '2023-05-07', '23:50:00', '24', '1', '300000', '150000', '0', '0', '0', '', '300000', '150000', '-', '0bd222f8-6e42-11ee-915d-71f781a1a24b', '2023-10-24 02:26:49'),
('376432c2-f87b-41e0-99c8-b02ae709d9e1', '2023-10-23 21:02:46', '074/ET-SP/24102023', 'SP', 'fa5c2ccb-b5a0-40e6-b7b8-45cf31209b92', '481c5777-1bd3-4f11-b368-9a9e854cb980', 'Kota-Sidoarjo-Surabaya', '', '2023-05-20', '16:10:00', '2023-05-21', '16:10:00', '24', '1', '400000', '', '0', '0', '0', '', '400000', '', 'Mobil Bersih', '0bd222f8-6e42-11ee-915d-71f781a1a24b', '2023-10-23 21:02:46'),
('3b68076f-7b22-4cc0-921a-e25c76514327', '2023-10-22 02:10:46', '053/ET-SP/22102023', 'SP', 'ba09451b-b336-4af0-971f-1c9e8632559c', '1da628b9-b9d1-45fb-b13b-b6f8250d75ae', 'Ponorogo', '', '2023-10-22', '16:10:20', '2023-10-23', '16:10:36', '24', '1', '300000', '0', '0', '0', '0', '', '300000', '300000', '-', 'cf5ed63c-6e41-11ee-915d-71f781a1a24b', '2023-10-22 02:10:46'),
('3c941071-76eb-4e8f-93ba-b04bf00353e8', '2023-10-25 01:28:56', '101/ET-SP/25102023', 'SP', '642002c6-f2ed-4321-b2f6-b91bc7b76387', '62fc7126-6ab5-4de5-ac9c-d5dfe68e6a55', 'Sidoarjo', '', '2023-05-08', '14:00:00', '2023-05-09', '02:00:00', '12', '1', '200000', '', '0', '100000', '0', '', '300000', '', 'Mobil Bersih', '0bd222f8-6e42-11ee-915d-71f781a1a24b', '2023-10-25 01:28:56'),
('3ca58420-2ea1-4395-9caa-0dc29ac2dd3e', '2023-10-25 01:38:13', '104/ET-SP/25102023', 'SP', '2fc9fc2f-8eb1-4260-91e8-130d723b7710', 'b0e3466a-dc70-4a96-a298-be07507e688b', 'Jawa Timur', '', '2023-05-09', '09:00:00', '2023-06-09', '09:00:00', '24', '30', '4500000', '', '0', '200000', '0', '', '4500000', '', '-', '0bd222f8-6e42-11ee-915d-71f781a1a24b', '2023-10-25 01:38:13'),
('3dbc655f-9c40-4ebb-8a4a-11bf828f80c7', '2023-10-23 20:59:51', '073/ET-SP/24102023', 'SP', 'd714b9cc-28d5-4f42-a43f-6dcb641a327d', 'ec8cae6c-ec0d-475a-a474-e3a4f6494a43', 'Sidoarjo', '', '2023-05-20', '15:35:00', '2023-05-21', '15:35:00', '24', '1', '275000', '', '0', '0', '0', '', '275000', '', 'Mobil Bersih', '0bd222f8-6e42-11ee-915d-71f781a1a24b', '2023-10-23 20:59:51'),
('3fbe4b81-0403-462d-a840-e33621c701be', '2023-10-25 01:37:31', '104/ET-SB/25102023', 'SB', 'ec50bbb3-59b2-42bd-bd71-72b5b3b5eb68', '4306da1a-7d7d-4aec-9004-dbd01c68c844', 'Sekardangan', 'Pagar', '2023-10-10', '15:00:00', '2023-10-11', '15:00:00', '24', '1', '250000', '0', '0', '0', '0', '', '250000', '250000', '-', 'cf5ed63c-6e41-11ee-915d-71f781a1a24b', '2023-10-25 01:37:31'),
('40148532-5f4a-49a3-a466-1086bcda5316', '2023-10-24 01:11:42', '083/ET-SP/24102023', 'SP', '69253eba-13bc-4468-9b8a-8d9c0f2b7d69', '1da628b9-b9d1-45fb-b13b-b6f8250d75ae', 'Surabaya', '', '2023-05-05', '19:30:00', '2023-05-06', '19:30:00', '24', '1', '275000', '200000', '0', '0', '0', '', '275000', '75000', '-', '0bd222f8-6e42-11ee-915d-71f781a1a24b', '2023-10-24 01:11:42'),
('406fec52-cd2e-4286-892f-4ffcfce62750', '2023-10-19 01:22:07', '034/ET-SP/19102023', 'SP', '13d01268-0da8-4145-bce8-5a99783db744', '00a84cf1-add4-46ea-8fb2-6c1218b4b2c3', 'Tuban', '', '2023-05-02', '16:00:00', '2023-05-03', '16:00:00', '24', '1', '550000', '200000', '0', '0', '0', '', '550000', '350000', 'Cuci  Bersih', '0bd222f8-6e42-11ee-915d-71f781a1a24b', '2023-10-19 01:22:07'),
('425d3e64-78e4-470f-8a46-686daebb77ed', '2023-10-25 02:37:20', '109/ET-SB/25102023', 'SB', '6ee7f2e3-88ac-42eb-b8a0-44bab3810903', 'c0a3e3a8-ae5a-45e8-99fe-49869cc91f15', 'Perak', 'Oli Resmi', '2023-09-28', '18:00:00', '2023-10-29', '18:00:00', '24', '1', '250000', '0', '0', '0', '0', '', '250000', '250000', '-', 'cf5ed63c-6e41-11ee-915d-71f781a1a24b', '2023-10-25 02:37:20'),
('42c99ce3-c808-4e3c-b57b-fb47874fd754', '2023-10-19 05:47:26', '002/ET-SP/17102023', 'SP', '781806c6-c47b-4dac-ac4c-d230454e7ee2', 'b0e3466a-dc70-4a96-a298-be07507e688b', 'Surabaya - Solo', '', '2023-03-17', '21:45:00', '2023-03-18', '21:45:00', '24', '1', '275000', '', '0', '0', '0', '', '375000', '', 'Tarif diluar area JATIM Rp. 100.000', '0bd222f8-6e42-11ee-915d-71f781a1a24b', '0000-00-00 00:00:00'),
('442fce15-673b-4e2a-9397-ac22234079c2', '2023-10-26 00:11:32', '112/ET-SP/26102023', 'SP', '54105721-498e-45a7-83ce-5625485875bd', 'b0e3466a-dc70-4a96-a298-be07507e688b', 'Pandaan-Malang-Lumajang-Sidoarjo', '', '2023-04-21', '00:01:00', '2023-04-27', '00:00:00', '24', '7', '3850000', '500000', '0', '0', '0', '', '3850000', '3350000', 'Paketan (Kecepatan maks 80km/jam kondisi ban serep diskon 100.000)', '0bd222f8-6e42-11ee-915d-71f781a1a24b', '2023-10-26 00:11:32'),
('445cbd76-9c19-428a-9fff-4b9f42454dd2', '2023-10-26 02:28:41', '119/ET-SP/26102023', 'SP', 'd68a98c5-6ca6-44f1-855f-35633ad67d08', '00a84cf1-add4-46ea-8fb2-6c1218b4b2c3', 'Lumajang', '', '2023-06-07', '10:00:00', '2023-06-08', '10:00:00', '24', '1', '550000', '200000', '0', '0', '0', '', '550000', '350000', '-', '0bd222f8-6e42-11ee-915d-71f781a1a24b', '2023-10-26 02:28:41'),
('477b6a09-2f3a-41c6-bc55-cb44b029cbc4', '2023-10-23 20:51:26', '071/ET-SP/24102023', 'SP', 'feb187a6-6b55-4123-b786-da1a1ed274f1', '481c5777-1bd3-4f11-b368-9a9e854cb980', 'Lamongan', '', '2023-05-18', '04:30:00', '2023-05-18', '20:00:00', '24', '1', '400000', '350000', '0', '50000', '0', '', '450000', '100000', '-', '0bd222f8-6e42-11ee-915d-71f781a1a24b', '2023-10-23 20:51:26'),
('48ccc5f8-8a4b-4b0f-b88f-873d08c77f40', '2023-10-25 00:52:39', '098/ET-SP/25102023', 'SP', '43c156c7-7071-4e26-8a7f-5be1a32904d0', '5ce1f493-cbdb-4931-ad5f-80b9c84c6517', 'Malang', '', '2023-05-07', '00:00:00', '2023-05-08', '00:00:00', '24', '1', '250000', '', '0', '0', '0', '', '250000', '', '-', '0bd222f8-6e42-11ee-915d-71f781a1a24b', '2023-10-25 00:52:39'),
('494988ff-6301-44c7-8246-ebee9450b413', '2023-10-24 01:46:27', '090/ET-SP/24102023', 'SP', 'fbb8db05-5469-4a63-9de7-dc1969dd505a', '85f05a5d-f164-4f34-89d3-ba3ea760587e', 'Pasuruan', '', '2023-05-06', '00:00:00', '2023-06-07', '00:00:00', '24', '1', '250000', '', '0', '0', '0', '', '250000', '', '-', '0bd222f8-6e42-11ee-915d-71f781a1a24b', '2023-10-24 01:46:27'),
('4c548fe5-e5e7-4751-9441-164223ed56c4', '2023-10-26 01:23:33', '116/ET-SP/26102023', 'SP', '03cc4a77-3a45-4a68-a774-9cdb6e84c966', '3805ee2c-aef2-41ae-93ce-d958c3393f86', 'Surabaya & Sekitarnya', '', '2023-10-26', '19:00:00', '2023-11-26', '19:00:00', '24', '30', '6000000', '0', '0', '0', '0', '', '6000000', '6000000', 'Pembayaran Perhari 200.000 /hari Maksimal Jam 21.00', 'cf5ed63c-6e41-11ee-915d-71f781a1a24b', '2023-10-26 01:23:33'),
('4ea69565-a33f-4fd8-b66f-531756d7a046', '2023-10-23 20:02:56', '065/ET-SP/24102023', 'SP', '87bfbb20-3f9d-4f7a-98d0-c2b39a16aa34', '85f05a5d-f164-4f34-89d3-ba3ea760587e', 'Malang', '', '2023-05-14', '06:00:00', '2023-05-15', '06:00:00', '24', '1', '250000', '200000', '0', '0', '0', '', '250000', '50000', '-', '0bd222f8-6e42-11ee-915d-71f781a1a24b', '2023-10-23 20:02:56'),
('50951a6b-a3a8-42ee-bcf5-586b8f35805c', '2023-10-27 17:28:47', '123/ET-SP/28102023', 'SP', '96b3baec-9cd9-4488-97a4-d33d6967d722', '00a84cf1-add4-46ea-8fb2-6c1218b4b2c3', 'Surabaya', '', '2023-10-28', '07:28:00', '2023-10-29', '07:28:06', '24', '1', '550000', '0', '0', '0', '0', '', '550000', '550000', '-', 'cf5ed63c-6e41-11ee-915d-71f781a1a24b', '2023-10-27 17:28:47'),
('50f9f2ee-bd92-405b-bde0-6fa4a47cc05b', '2023-10-19 05:47:27', '017/ET-SP/17102023', 'SP', 'fa3f054a-7b5a-489d-b210-6521030eb33a', '5ce1f493-cbdb-4931-ad5f-80b9c84c6517', 'Jombang-Mbareng', '', '2023-04-27', '16:20:00', '0000-00-00', '04:20:00', '24', '1', '250000', '', '0', '0', '0', '', '250000', '', '-', '0bd222f8-6e42-11ee-915d-71f781a1a24b', '0000-00-00 00:00:00'),
('5152f3af-d1ee-4d42-9a95-746d3266b2cf', '2023-10-24 00:36:13', '078/ET-SP/24102023', 'SP', '6db2b538-a76f-4924-88f8-f6072705d625', '00a84cf1-add4-46ea-8fb2-6c1218b4b2c3', 'Malang', '', '2023-05-21', '19:00:00', '2023-05-22', '19:00:00', '24', '1', '550000', '', '0', '25000', '0', '', '575000', '', '-', '0bd222f8-6e42-11ee-915d-71f781a1a24b', '2023-10-24 00:36:13'),
('52a17923-5ff6-4624-9398-ec25f8103427', '2023-10-26 18:43:37', '121/ET-SP/27102023', 'SP', '1d9da9f2-f4b2-431a-ad0f-12cd31dd3279', 'cfb2d54b-7df3-4117-81af-23f2db40a0f4', 'Malang', '', '2023-10-26', '20:55:17', '2023-10-27', '20:55:09', '24', '1', '275000', '0', '0', '0', '0', '', '275000', '275000', '-', 'cf5ed63c-6e41-11ee-915d-71f781a1a24b', '2023-10-26 18:43:37'),
('55a1148e-8c63-4fa5-a83d-aa0ab40e4989', '2023-10-19 05:47:30', '003/ET-SP/17102023', 'SP', 'd0765a54-abc1-419b-bfc0-a252a9954168', '5ce1f493-cbdb-4931-ad5f-80b9c84c6517', 'Bumi Marinir Karang Pilang ', '', '2023-03-18', '09:00:00', '2023-03-19', '21:00:00', '24', '1', '250000', '150000', '0', '0', '0', '', '450000', '300000', '1 hari 12 jam (Mobil untuk display lomba, bukan untuk hadiah)', '0bd222f8-6e42-11ee-915d-71f781a1a24b', '0000-00-00 00:00:00'),
('55cf134a-31d3-4301-aa5b-f8b47118f2f9', '2023-10-28 00:06:28', '127/ET-SP/28102023', 'SP', '1bee02ce-06be-4db9-9bd8-8402dfe01975', '1da628b9-b9d1-45fb-b13b-b6f8250d75ae', 'Surabaya', '', '2023-10-28', '14:06:54', '2023-10-29', '14:06:00', '12', '1', '250000', '0', '0', '0', '0', '', '250000', '250000', '-', 'cf5ed63c-6e41-11ee-915d-71f781a1a24b', '2023-10-28 00:06:28'),
('5a44f5d9-ed29-4d68-b3b0-54276e1febbb', '2023-10-23 19:45:32', '061/ET-SP/24102023', 'SP', '3de21837-fa25-44f0-8373-8f4ed8875c29', '00a84cf1-add4-46ea-8fb2-6c1218b4b2c3', 'Kediri', '', '2023-05-13', '23:00:00', '2023-05-14', '23:00:00', '24', '1', '550000', '', '0', '0', '0', '', '550000', '', '-', '0bd222f8-6e42-11ee-915d-71f781a1a24b', '2023-10-23 19:45:32'),
('5a97cbba-3149-4b42-abd8-722d2c518a4f', '2023-10-25 01:49:44', '106/ET-SP/25102023', 'SP', '6bab5134-d94c-4155-8974-2a348fd81c68', '85f05a5d-f164-4f34-89d3-ba3ea760587e', 'Madura', '', '2023-05-09', '23:25:00', '2023-05-10', '23:25:00', '24', '1', '250000', '', '0', '0', '0', '', '250000', '', '-', '0bd222f8-6e42-11ee-915d-71f781a1a24b', '2023-10-25 01:49:44'),
('5e537228-433e-4380-8c64-1c595c2022ad', '2023-10-23 20:28:56', '070/ET-SP/24102023', 'SP', '8f9ee932-b37e-48f1-82d5-29a380cd11fe', 'd7a1d18e-957b-458d-9015-89aa07f7bba6', 'Kediri', '', '2023-05-17', '09:36:00', '2023-05-19', '09:36:00', '24', '2', '700000', '200000', '0', '0', '0', '', '700000', '500000', 'Mobil Bersih', '0bd222f8-6e42-11ee-915d-71f781a1a24b', '2023-10-23 20:28:56'),
('60da80b8-a835-42c3-ae91-7230c0f406ef', '2023-10-19 05:47:32', '024/ET-SP/18102023', 'SP', 'b6cfda52-ebef-4b0c-85ad-5b0424b3a9db', '5ce1f493-cbdb-4931-ad5f-80b9c84c6517', 'Ngawi', '', '2023-04-23', '07:00:00', '2023-04-25', '00:00:00', '24', '3', '1800000', '', '0', '0', '0', '', '1800000', '', '-', '0bd222f8-6e42-11ee-915d-71f781a1a24b', '0000-00-00 00:00:00'),
('626d3cc6-df9a-4f83-9c55-82b2d246ad64', '2023-10-19 05:47:33', '008/ET-SP/17102023', 'SP', 'f1849e2c-9a42-47e7-af53-e6f4316cf5f8', 'ec8cae6c-ec0d-475a-a474-e3a4f6494a43', 'Surabaya - Jombang - Surabaya', '', '2023-04-01', '12:00:00', '2023-04-02', '12:00:00', '24', '1', '500000', '150000', '0', '0', '0', '', '500000', '350000', '1 hari 12 jam', '0bd222f8-6e42-11ee-915d-71f781a1a24b', '0000-00-00 00:00:00'),
('6359f233-e797-4c4e-bf8e-03c099c84ba7', '2023-10-22 01:57:51', '051/ET-SP/22102023', 'SP', '950050df-e4f1-4124-be5a-71699eab5bb7', 'f5c50769-9882-4e39-80b4-110a1693815a', 'Trawas', '', '2023-10-21', '18:00:00', '2023-10-22', '18:00:00', '24', '1', '250000', '200000', '0', '0', '0', '', '250000', '50000', '-', 'cf5ed63c-6e41-11ee-915d-71f781a1a24b', '2023-10-22 01:57:51'),
('66ffe62c-23b9-42f0-94e7-f81624187c25', '2023-10-25 23:34:38', '111/ET-SB/26102023', 'SB', '8957924d-bbf6-411f-aa9f-33b4432aabbe', '09446e0f-e3c3-4446-9191-c94de813dfdc', 'Surabaya-Gresik-Sidoarjo-Mojokerto', 'Alat Fitnes (Ekspedisi)', '2023-10-26', '13:15:25', '2023-10-27', '15:33:36', '24', '1', '250000', '0', '0', '0', '0', '', '250000', '250000', '-', 'cf5ed63c-6e41-11ee-915d-71f781a1a24b', '2023-10-25 23:34:38'),
('67a60b42-aa3c-43b0-a804-a73eb194158c', '2023-10-19 05:47:36', '013/ET-SP/17102023', 'SP', 'f4d8b46b-3754-4b37-a5cb-d26f095c02dc', '481c5777-1bd3-4f11-b368-9a9e854cb980', 'Ngawi', '', '2023-04-21', '12:00:00', '2023-04-25', '12:00:00', '24', '7', '4000000', '', '0', '0', '0', '', '4000000', '', 'PAKET LEBARAN', '0bd222f8-6e42-11ee-915d-71f781a1a24b', '0000-00-00 00:00:00'),
('67cd6ee1-3303-4536-8abf-e215dbe42871', '2023-10-21 22:40:15', '050/ET-SP/22102023', 'SP', '33392047-b4ed-4964-9481-adae75422a89', 'ec8cae6c-ec0d-475a-a474-e3a4f6494a43', 'Surabaya', '', '2023-10-22', '12:39:34', '2023-10-23', '12:39:41', '24', '1', '300000', '0', '0', '0', '0', '', '300000', '300000', '-', 'cf5ed63c-6e41-11ee-915d-71f781a1a24b', '2023-10-21 22:40:15'),
('6865a5a6-2631-4904-8422-eb93b5a8889b', '2023-10-25 01:28:56', '101/ET-SP/25102023', 'SP', '642002c6-f2ed-4321-b2f6-b91bc7b76387', '62fc7126-6ab5-4de5-ac9c-d5dfe68e6a55', 'Sidoarjo', '', '2023-05-08', '14:00:00', '2023-05-09', '02:00:00', '12', '1', '200000', '', '0', '100000', '0', '', '300000', '', 'Mobil Bersih', '0bd222f8-6e42-11ee-915d-71f781a1a24b', '2023-10-25 01:28:56'),
('69725055-3ace-4038-b66b-81e2beb793b9', '2023-10-26 00:28:22', '114/ET-SP/26102023', 'SP', '9a621fd0-0f51-4fd1-9fc7-f0e3e444eb2a', 'd7a1d18e-957b-458d-9015-89aa07f7bba6', 'Sragen-Madiun', '', '2023-06-06', '13:10:00', '2023-06-07', '13:10:00', '24', '1', '400000', '', '0', '0', '0', '', '400000', '', 'Mobil Bersih', '0bd222f8-6e42-11ee-915d-71f781a1a24b', '2023-10-26 00:28:22'),
('69bd8d04-a24c-4e2a-8780-e3fe72edffd7', '2023-10-25 01:49:44', '106/ET-SP/25102023', 'SP', '6bab5134-d94c-4155-8974-2a348fd81c68', '85f05a5d-f164-4f34-89d3-ba3ea760587e', 'Madura', '', '2023-05-09', '23:25:00', '2023-05-10', '23:25:00', '24', '1', '250000', '', '0', '0', '0', '', '250000', '', '-', '0bd222f8-6e42-11ee-915d-71f781a1a24b', '2023-10-25 01:49:44'),
('6a2d5157-48ed-49b0-87bc-22eef042d3ea', '2023-10-26 02:34:59', '120/ET-SP/26102023', 'SP', 'feb187a6-6b55-4123-b786-da1a1ed274f1', '08c98660-6a43-4da3-946d-83f23d3f4c0e', 'Pasuruan', '', '2023-06-08', '05:00:00', '2023-06-09', '05:00:00', '24', '1', '350000', '', '0', '50000', '0', '', '400000', '', '-', '0bd222f8-6e42-11ee-915d-71f781a1a24b', '2023-10-26 02:34:59'),
('6bd7b714-bb6c-41ac-b3d6-f6117983cbdc', '2023-10-23 20:24:50', '069/ET-SP/24102023', 'SP', '0fc110c7-c74b-416c-9f02-7e68055d2335', '85f05a5d-f164-4f34-89d3-ba3ea760587e', 'Blitar-Tulungagung', '', '2023-05-16', '09:00:00', '2023-05-20', '09:00:00', '24', '5', '1250000', '500000', '0', '0', '0', '', '1250000', '750000', 'Panjang Jiwo Smpp no.06 Surabaya (Dinas tg taylor modes)', '0bd222f8-6e42-11ee-915d-71f781a1a24b', '2023-10-23 20:24:50'),
('6fa4b43d-f964-4464-a208-0329b2433469', '2023-10-26 01:18:07', '115/ET-SP/26102023', 'SP', '03cc4a77-3a45-4a68-a774-9cdb6e84c966', 'a214a622-902b-4862-9be9-8c65516bab66', 'Surabaya & Sekitarnya', '', '2023-10-08', '19:00:00', '2023-11-26', '19:00:00', '24', '18', '2700000', '0', '0', '0', '0', '', '2700000', '150000', 'Setoran 150.000 /hari', 'cf5ed63c-6e41-11ee-915d-71f781a1a24b', '2023-10-26 01:18:07'),
('724c4d81-2a78-4ddf-9139-43fd7ec3cb34', '2023-10-19 05:47:37', '023/ET-SP/17102023', 'SP', '9d3c4ab2-2519-4376-b20f-d44aeeb9deef', '8bb7138b-1b70-4915-a181-a68bd76bf50f', 'Tulungagung', '', '2023-04-23', '03:40:00', '2023-04-23', '00:00:00', '24', '1', '1500000', '', '0', '0', '0', '', '1500000', '', 'Pengemudi an M Razzaq Riskillah M', '0bd222f8-6e42-11ee-915d-71f781a1a24b', '0000-00-00 00:00:00'),
('7349e530-34e7-4c72-b99c-ac1f3e7d3c62', '2023-10-24 02:38:16', '094/ET-SB/24102023', 'SB', 'd3d486a9-75c4-4e2b-9bd2-104642503d3c', '09446e0f-e3c3-4446-9191-c94de813dfdc', 'Gresik', 'Bonsai', '2023-10-18', '09:00:00', '2023-10-18', '21:00:00', '12', '1', '200000', '0', '0', '0', '0', '', '200000', '200000', '-', 'cf5ed63c-6e41-11ee-915d-71f781a1a24b', '2023-10-24 02:38:16'),
('76e4fcdd-82f5-4298-8f94-5e2a244ff20d', '2023-10-24 01:35:46', '088/ET-SP/24102023', 'SP', '81fbbf6f-3b33-4156-bff0-266657460fea', 'ec8cae6c-ec0d-475a-a474-e3a4f6494a43', 'Tulungangung (Kediri Barat)', '', '2023-05-05', '00:00:00', '2023-05-06', '00:00:00', '24', '1', '275000', '', '0', '0', '0', '', '275000', '', '-', '0bd222f8-6e42-11ee-915d-71f781a1a24b', '2023-10-24 01:35:46'),
('7764a25a-2fa0-45ea-ae2a-0392a68be319', '2023-10-24 01:19:27', '085/ET-SP/24102023', 'SP', 'd371a002-7de1-479c-aa0b-32732b4b1a9c', 'd7a1d18e-957b-458d-9015-89aa07f7bba6', 'Sidoarjo-Bangil', '', '2023-05-05', '22:28:00', '2023-05-06', '22:28:00', '24', '1', '350000', '', '0', '0', '0', '', '350000', '', '-', '0bd222f8-6e42-11ee-915d-71f781a1a24b', '2023-10-24 01:19:27'),
('77dd8949-ff7a-4d1a-9e9e-f99f6ca5c24f', '2023-10-24 01:19:27', '085/ET-SP/24102023', 'SP', 'd371a002-7de1-479c-aa0b-32732b4b1a9c', 'd7a1d18e-957b-458d-9015-89aa07f7bba6', 'Sidoarjo-Bangil', '', '2023-05-05', '22:28:00', '2023-05-06', '22:28:00', '24', '1', '350000', '', '0', '0', '0', '', '350000', '', '-', '0bd222f8-6e42-11ee-915d-71f781a1a24b', '2023-10-24 01:19:27'),
('79236ef9-87c4-41a7-aeeb-1446149f0733', '2023-10-26 00:16:37', '113/ET-SP/26102023', 'SP', '0c6400bb-b0f5-4414-ac9a-1534b4b64c1f', '5ce1f493-cbdb-4931-ad5f-80b9c84c6517', 'Pacet', '', '2023-06-03', '14:31:00', '2023-06-04', '14:31:00', '24', '1', '250000', '', '0', '0', '0', '', '250000', '', 'Mobil Bersih', '0bd222f8-6e42-11ee-915d-71f781a1a24b', '2023-10-26 00:16:37'),
('7b5da181-f406-4b93-974d-e3fe18a69528', '2023-10-25 01:33:07', '102/ET-SP/25102023', 'SP', '642002c6-f2ed-4321-b2f6-b91bc7b76387', 'd7a1d18e-957b-458d-9015-89aa07f7bba6', 'Sidoarjo', '', '2023-05-08', '14:00:00', '2023-05-09', '02:00:00', '12', '1', '225000', '', '0', '0', '0', '', '225000', '', 'Mobil Bersih', '0bd222f8-6e42-11ee-915d-71f781a1a24b', '2023-10-25 01:33:07'),
('7c7184ad-8bbe-476b-8809-8e2f5b6724ac', '2023-10-25 02:22:43', '108/ET-SB/25102023', 'SB', '1340f3a1-ae51-4da8-a6fe-2a6f304fe159', '4306da1a-7d7d-4aec-9004-dbd01c68c844', 'Mojokerto-Jombang', '-', '2023-05-11', '09:05:00', '2023-05-12', '09:05:00', '24', '1', '250000', '', '0', '0', '0', '', '250000', '', '-', '0bd222f8-6e42-11ee-915d-71f781a1a24b', '2023-10-25 02:22:43'),
('81382453-70ae-457d-971b-41384e2edd5b', '2023-10-23 20:55:11', '072/ET-SP/24102023', 'SP', '94bdbc31-af91-44c5-9b8d-9841317dc17b', '481c5777-1bd3-4f11-b368-9a9e854cb980', 'Jombang', '', '2023-05-19', '20:00:00', '2023-05-20', '20:00:00', '24', '1', '400000', '200000', '0', '50000', '0', '', '450000', '200000', '-', '0bd222f8-6e42-11ee-915d-71f781a1a24b', '2023-10-23 20:55:11'),
('815254ba-22f9-4999-8c9a-94a004586058', '2023-10-19 05:47:38', '006/ET-SP/17102023', 'SP', '9ce58997-95a3-407b-afd7-81ba87a336f5', 'ec8cae6c-ec0d-475a-a474-e3a4f6494a43', 'Tongas Probolinggo', '', '2023-03-22', '11:00:00', '2023-03-23', '11:00:00', '24', '1', '275000', '100000', '50000', '0', '0', '', '325000', '175000', '-', '0bd222f8-6e42-11ee-915d-71f781a1a24b', '0000-00-00 00:00:00'),
('8171418b-ba96-4d76-90d8-2acfe27a4af5', '2023-10-26 02:22:48', '118/ET-SP/26102023', 'SP', 'a6bb93c1-71db-4765-acbb-f3dade5cf73c', '5ce1f493-cbdb-4931-ad5f-80b9c84c6517', 'Tretes-Malang', '', '2023-06-06', '13:50:00', '2023-06-07', '13:50:00', '24', '1', '225000', '', '0', '0', '0', '', '225000', '', '-', '0bd222f8-6e42-11ee-915d-71f781a1a24b', '2023-10-26 02:22:48'),
('84344783-6050-4311-9d3c-ace5876712a4', '2023-10-19 05:47:40', '010/ET-SP/17102023', 'SP', '87207d52-caa2-462b-8d69-747f5b9d3dbc', '5ce1f493-cbdb-4931-ad5f-80b9c84c6517', 'Kediri', '', '2023-04-03', '07:00:00', '2023-04-03', '19:00:00', '12', '1', '200000', '100000', '0', '0', '0', '', '200000', '100000', '-', '0bd222f8-6e42-11ee-915d-71f781a1a24b', '0000-00-00 00:00:00'),
('86475147-0c2e-4a11-8d3e-815ee99d2e93', '2023-10-25 01:36:16', '103/ET-SP/25102023', 'SP', '188bf4fa-165b-4071-a915-a33f639987de', '1da628b9-b9d1-45fb-b13b-b6f8250d75ae', 'Malang', '', '2023-10-13', '19:00:00', '2023-10-15', '19:00:00', '24', '2', '600000', '0', '0', '0', '0', '', '600000', '600000', '-', 'cf5ed63c-6e41-11ee-915d-71f781a1a24b', '2023-10-25 01:36:16'),
('885a5196-62a9-4585-8cb3-00c180d8073c', '2023-10-24 01:23:13', '086/ET-SP/24102023', 'SP', '660ec055-7863-4b8b-8d8b-43e8b8325a32', '5ce1f493-cbdb-4931-ad5f-80b9c84c6517', 'Pacet', '', '2023-05-06', '08:00:00', '2023-05-07', '08:00:00', '24', '1', '250000', '', '0', '0', '0', '', '250000', '', 'Cuci Bersih', '0bd222f8-6e42-11ee-915d-71f781a1a24b', '2023-10-24 01:23:13'),
('8aa730ca-7343-4be1-9adb-cd735431551a', '2023-10-24 01:17:00', '084/ET-SP/24102023', 'SP', '54105721-498e-45a7-83ce-5625485875bd', 'b0e3466a-dc70-4a96-a298-be07507e688b', 'Sidoarjo', '', '2023-05-06', '00:00:00', '2023-05-07', '00:00:00', '24', '2', '550000', '50000', '0', '0', '0', '', '550000', '500000', '-', '0bd222f8-6e42-11ee-915d-71f781a1a24b', '2023-10-24 01:17:00'),
('90534257-7209-44a5-a135-0dec64d63add', '2023-10-24 01:04:09', '081/ET-SP/24102023', 'SP', '1fedbff2-fc97-41d1-b3ba-0234adbaee97', '00a84cf1-add4-46ea-8fb2-6c1218b4b2c3', 'Surabaya Kota', '', '2023-05-23', '16:34:00', '2023-05-24', '04:34:00', '24', '1', '650000', '200000', '150000', '0', '0', '', '800000', '450000', 'Mobil Bersih', '0bd222f8-6e42-11ee-915d-71f781a1a24b', '2023-10-24 01:04:09'),
('90baeabb-8196-4d00-afdd-86201a19f5b7', '2023-10-24 00:47:22', '080/ET-SP/24102023', 'SP', 'b1c01e86-6fcb-46c9-9483-d3610b2a2309', 'ec8cae6c-ec0d-475a-a474-e3a4f6494a43', 'Surabaya', '', '2023-05-22', '15:30:00', '2023-05-23', '15:30:00', '24', '1', '275000', '', '0', '0', '0', '', '275000', '', 'KTP Ibu: Rohmawati Alamat: Wonokromo Pasar RT.05 RW.23 Wonokromo Surabaya, Mobil Bersih', '0bd222f8-6e42-11ee-915d-71f781a1a24b', '2023-10-24 00:47:22'),
('90c05753-8bb7-444a-a2e7-e6e5e3c8fd10', '2023-10-23 20:08:07', '066/ET-SP/24102023', 'SP', '5b33a333-dcbd-4f2b-ba7a-91fbc54b31ad', '481c5777-1bd3-4f11-b368-9a9e854cb980', 'Nganjuk', '', '2023-05-14', '06:00:00', '2023-05-15', '06:00:00', '24', '1', '400000', '120000', '0', '0', '0', '', '400000', '280000', '-', '0bd222f8-6e42-11ee-915d-71f781a1a24b', '2023-10-23 20:08:07'),
('91bcba60-348c-4d95-ab5f-5cfa67548fa4', '2023-10-23 19:48:45', '062/ET-SP/24102023', 'SP', 'da2fcbbe-ccc6-427b-bb3c-e1b39af19f8d', 'd7a1d18e-957b-458d-9015-89aa07f7bba6', 'Lamongan', '', '2023-05-14', '00:00:00', '2023-05-15', '00:00:00', '24', '1', '350000', '100000', '0', '0', '0', '', '350000', '250000', '-', '0bd222f8-6e42-11ee-915d-71f781a1a24b', '2023-10-23 19:48:45'),
('93503697-0f56-4f1f-a7eb-8a6dd6f70ce8', '2023-10-19 05:59:18', '016/ET-SP/17102023', 'SP', '903e3ff2-dbd7-401d-b2b9-779936439de9', '481c5777-1bd3-4f11-b368-9a9e854cb980', 'Trawas-Malang', '', '2023-04-27', '13:15:00', '2023-04-28', '13:15:00', '24', '1', '450000', '', '0', '0', '0', '', '450000', '', '-', '0bd222f8-6e42-11ee-915d-71f781a1a24b', '0000-00-00 00:00:00'),
('94b7b014-47ae-45f1-a19a-07ceee2a9a10', '2023-10-19 06:22:24', '021/ET-SP/17102023', 'SP', '88de2513-26e5-4fba-81a8-e14f7103d7eb', '62fc7126-6ab5-4de5-ac9c-d5dfe68e6a55', 'Lumajang-Jember', '', '2023-04-22', '03:07:00', '2023-04-26', '03:07:00', '24', '5', '3000000', '900000', '0', '0', '0', '', '3000000', '2100000', 'PAKET LEBARAN', '0bd222f8-6e42-11ee-915d-71f781a1a24b', '0000-00-00 00:00:00'),
('9554f75d-423c-4801-bcf9-6f656c7bf9aa', '2023-10-19 06:22:56', '027/ET-SP/18102023', 'SP', '85541945-cc0c-4293-94dd-af9ed7ff5ce3', '8bb7138b-1b70-4915-a181-a68bd76bf50f', 'Magetan', '', '2023-04-30', '00:00:00', '2023-04-02', '00:00:00', '24', '2', '1000000', '', '0', '0', '0', '', '1000000', '', '-', '0bd222f8-6e42-11ee-915d-71f781a1a24b', '0000-00-00 00:00:00'),
('96c71392-506f-475d-893d-a19d20c701c5', '2023-10-23 21:07:53', '075/ET-SP/24102023', 'SP', '7d4a79e4-8247-4d8a-844c-9ed1349dae0b', 'd7a1d18e-957b-458d-9015-89aa07f7bba6', 'Malang', '', '2023-05-21', '16:30:00', '2023-05-22', '16:30:00', '24', '1', '350000', '', '0', '0', '0', '', '350000', '', 'Alamat KTP: Dsn Balongjeruk RT.01 RW.01 Kwijang Kediri', '0bd222f8-6e42-11ee-915d-71f781a1a24b', '2023-10-23 21:07:53'),
('973688d6-8868-4700-82af-e55c6ae7cc03', '2023-10-19 06:23:25', '022/ET-SB/17102023', 'SB', '7cd00e83-bbee-4431-8eb5-e9c941a89dad', '09446e0f-e3c3-4446-9191-c94de813dfdc', 'Kediri', '-', '2023-04-23', '00:43:00', '2023-04-24', '00:00:00', '24', '1', '250000', '', '0', '0', '0', '', '250000', '', '-', '0bd222f8-6e42-11ee-915d-71f781a1a24b', '0000-00-00 00:00:00'),
('9990bf45-542d-4459-831b-e2b9b6b4b120', '2023-10-20 19:06:44', '041/ET-SP/21102023', 'SP', '1bee02ce-06be-4db9-9bd8-8402dfe01975', '1da628b9-b9d1-45fb-b13b-b6f8250d75ae', 'Surabaya', '', '2023-10-21', '09:06:21', '2023-10-21', '21:06:25', '12', '1', '250000', '0', '0', '0', '0', '', '250000', '250000', '-', 'cf5ed63c-6e41-11ee-915d-71f781a1a24b', '2023-10-20 19:06:44'),
('9c7afc04-a95f-4bbc-8122-90aeb38a2c73', '2023-10-23 01:06:19', '058/ET-SP/23102023', 'SP', '74c536eb-95ce-4e55-b010-05cbb72d8f87', '5ce1f493-cbdb-4931-ad5f-80b9c84c6517', 'Gresik', '', '2023-05-13', '14:00:00', '2023-05-13', '00:00:00', '24', '1', '250000', '', '0', '0', '0', '', '250000', '', '-', '0bd222f8-6e42-11ee-915d-71f781a1a24b', '2023-10-23 01:06:19'),
('9d790e78-edb5-4f69-982d-4decc89e3afe', '2023-10-21 17:18:38', '047/ET-SP/22102023', 'SP', 'ccc0130a-1ba1-41f4-bc2e-646e9fa9e2e5', '961e3b85-be49-4dd2-878d-e8ec1cac4874', 'Malang', '', '2023-10-22', '07:18:00', '2023-10-23', '07:18:00', '24', '1', '600000', '100000', '0', '0', '0', '', '600000', '500000', '-', 'cf5ed63c-6e41-11ee-915d-71f781a1a24b', '2023-10-21 17:18:38'),
('9e429955-87b6-4ab5-8d1a-cd699d36722a', '2023-10-19 06:57:37', '028/ET-SP/18102023', 'SP', 'dd880b11-bd6b-41b0-8577-5b7a79b0e4fc', 'b0e3466a-dc70-4a96-a298-be07507e688b', 'Sidoarjo-Mojokerto.Surabaya', '', '2023-04-30', '11:05:00', '2023-04-01', '11:05:00', '24', '1', '300000', '', '0', '0', '0', '', '300000', '', '-', '0bd222f8-6e42-11ee-915d-71f781a1a24b', '0000-00-00 00:00:00'),
('9f91789f-4309-4ff8-b473-b4a96629c1b8', '2023-10-19 06:57:59', '012/ET-SP/17102023', 'SP', 'aaadbb84-4873-44bc-87dd-0402a806ac80', '1da628b9-b9d1-45fb-b13b-b6f8250d75ae', 'Bojonegoro', '', '2023-04-13', '08:50:00', '2023-04-14', '08:50:00', '24', '1', '275000', '', '0', '0', '0', '', '275000', '', 'Usaha Kuliner Nasi Goreng', '0bd222f8-6e42-11ee-915d-71f781a1a24b', '0000-00-00 00:00:00'),
('a0db25ab-2882-430a-acc2-2441f819b787', '2023-10-19 01:08:44', '033/ET-SP/19102023', 'SP', '85fa4821-dfc2-4222-8bc0-7befcbf5dac7', 'ec8cae6c-ec0d-475a-a474-e3a4f6494a43', 'Jombang', '', '2023-05-02', '14:15:00', '2023-05-03', '14:15:00', '24', '1', '275000', '', '0', '0', '0', '', '275000', '', 'Lamaran', '0bd222f8-6e42-11ee-915d-71f781a1a24b', '2023-10-19 01:08:44'),
('a336d99a-0da6-4291-82c2-6a9c69ba743f', '2023-10-19 01:48:34', '036/ET-SP/19102023', 'SP', '046a1dd6-591d-4925-9d61-8b31d65e3228', '1da628b9-b9d1-45fb-b13b-b6f8250d75ae', 'Surabaya-Sidoarjo', '', '2023-05-03', '14:42:00', '2023-05-04', '14:42:00', '24', '1', '275000', '', '0', '0', '0', '', '275000', '', 'Alamat Rumah: Kahuripan Nirwana Blok CA3/53A Sidoarjo (Cuci Bersih)', '0bd222f8-6e42-11ee-915d-71f781a1a24b', '2023-10-19 01:48:34'),
('a38d4d3d-510c-4c52-9f1e-05e75ef161b3', '2023-10-25 02:47:54', '110/ET-SP/25102023', 'SP', 'ef7979e6-b1f0-4e1d-9f35-ff79a7b7e9d3', 'e396fa35-f649-45c3-a325-24c8cf978601', 'Jatim (tidak ke lumajang & madura)', '', '2023-09-29', '17:25:57', '2023-10-29', '17:25:09', '24', '1', '11000000', '0', '0', '0', '0', '', '11000000', '11000000', 'Penjamin Bpk. Feri Silo Purwadi (085731514070)', 'cf5ed63c-6e41-11ee-915d-71f781a1a24b', '2023-10-25 02:47:54'),
('aaa96225-c0a8-46df-b2c1-2ab1b5c9afd4', '2023-10-27 21:07:43', '125/ET-SP/28102023', 'SP', '3c147b88-19dd-4eaa-b526-50f421d9b842', 'cfb2d54b-7df3-4117-81af-23f2db40a0f4', 'Bangkalan Madura', '', '2023-10-28', '11:07:15', '2023-10-29', '11:07:20', '24', '1', '275000', '75000', '0', '0', '0', '', '275000', '200000', '-', 'cf5ed63c-6e41-11ee-915d-71f781a1a24b', '2023-10-27 21:07:43'),
('af2ba71d-7085-4dbf-af39-a915511c0733', '2023-10-22 20:32:26', '055/ET-SP/23102023', 'SP', 'ee0026fa-9131-4b38-8f6d-fd93b0b36419', 'b97c7c58-8edc-4a34-824a-5e1c8200d4f2', 'Batu', '', '2023-10-23', '10:31:02', '2023-10-24', '10:31:07', '24', '1', '350000', '0', '0', '0', '0', '', '350000', '350000', '-', 'cf5ed63c-6e41-11ee-915d-71f781a1a24b', '2023-10-22 20:32:26'),
('afbb2919-baaa-4d15-a5c2-f80d8c24c015', '2023-10-24 01:39:36', '089/ET-SP/24102023', 'SP', 'fa6dc37d-5542-4888-b7e9-7399bbab2454', '481c5777-1bd3-4f11-b368-9a9e854cb980', 'Bojonegara', '', '2023-05-06', '00:00:00', '2023-05-07', '00:00:00', '24', '1', '400000', '150000', '0', '0', '0', '', '400000', '250000', '-', '0bd222f8-6e42-11ee-915d-71f781a1a24b', '2023-10-24 01:39:36'),
('b18a0e1d-5bcc-4da9-852b-f08ef02786a8', '2023-10-19 07:00:14', '004/ET-SP/17102023', 'SP', '71637f4e-aa62-4e17-be3a-bd5352a2c517', '481c5777-1bd3-4f11-b368-9a9e854cb980', 'Malang Dampit', '', '2023-03-18', '12:00:00', '2023-03-20', '12:00:00', '24', '2', '800000', '100000', '0', '0', '0', '', '800000', '700000', '-', '0bd222f8-6e42-11ee-915d-71f781a1a24b', '0000-00-00 00:00:00'),
('b21a6eb3-e517-4cae-a7db-419452486aee', '2023-10-19 07:01:48', '018/ET-SP/17102023', 'SP', '69e214ca-6dea-43b8-98e0-ee759d1d5f64', 'd7a1d18e-957b-458d-9015-89aa07f7bba6', 'Solo', '', '2023-04-27', '17:00:00', '2023-04-30', '17:00:00', '24', '3', '1500000', '', '0', '0', '0', '', '1500000', '', '-', '0bd222f8-6e42-11ee-915d-71f781a1a24b', '0000-00-00 00:00:00'),
('b29a7573-6fa3-43fb-9e65-ec67ed11b408', '2023-10-23 20:54:03', '072/ET-SB/24102023', 'SB', '01726940-e0ff-4d00-8484-fbd658256d87', '09446e0f-e3c3-4446-9191-c94de813dfdc', 'Malang', 'Kulkas', '2023-10-24', '10:43:08', '2023-10-24', '22:43:36', '12', '1', '200000', '0', '0', '0', '0', '', '200000', '200000', '-', 'cf5ed63c-6e41-11ee-915d-71f781a1a24b', '2023-10-23 20:54:03'),
('b37bfed9-7988-4f9b-b8ea-9dc89dcdb5f2', '2023-10-22 18:40:41', '054/ET-SB/23102023', 'SB', 'ec50bbb3-59b2-42bd-bd71-72b5b3b5eb68', '4306da1a-7d7d-4aec-9004-dbd01c68c844', 'Surabaya- Sidoarjo', 'Pagar', '2023-10-23', '08:39:03', '2023-10-24', '08:39:13', '24', '1', '250000', '0', '0', '0', '0', '', '250000', '250000', 'Pengambil A.N Ricky Basoka ', 'cf5ed63c-6e41-11ee-915d-71f781a1a24b', '2023-10-22 18:40:41'),
('b4633f30-6e3e-42bd-bc73-f4b1c0447551', '2023-10-27 23:57:04', '126/ET-SB/28102023', 'SB', '84e4977b-4555-4703-80ad-9a57d5aa0865', '4306da1a-7d7d-4aec-9004-dbd01c68c844', 'Tuban', 'Barang Rumah Tangga', '2023-10-28', '13:55:29', '2023-10-29', '13:56:06', '24', '1', '250000', '100000', '0', '0', '0', '', '250000', '150000', '-', 'cf5ed63c-6e41-11ee-915d-71f781a1a24b', '2023-10-27 23:57:04'),
('b47d3fb4-391d-4d60-87ed-beb6a487854b', '2023-10-19 07:03:35', '019/ET-SB/17102023', 'SB', 'a48f749a-5c2f-4629-b36c-74cb4d9c96af', '4306da1a-7d7d-4aec-9004-dbd01c68c844', 'Surabaya', '-', '2023-04-28', '06:19:00', '2023-04-29', '06:19:00', '24', '1', '250000', '', '0', '0', '0', '', '250000', '', '-', '0bd222f8-6e42-11ee-915d-71f781a1a24b', '0000-00-00 00:00:00'),
('b7be9f3c-caf2-43ef-ac0d-719e00294b61', '2023-10-26 02:28:41', '119/ET-SP/26102023', 'SP', 'd68a98c5-6ca6-44f1-855f-35633ad67d08', '00a84cf1-add4-46ea-8fb2-6c1218b4b2c3', 'Lumajang', '', '2023-06-07', '10:00:00', '2023-06-08', '10:00:00', '24', '1', '550000', '200000', '0', '0', '0', '', '550000', '350000', '-', '0bd222f8-6e42-11ee-915d-71f781a1a24b', '2023-10-26 02:28:41'),
('b860c248-0f75-459a-83d5-db04abaa7782', '2023-10-19 01:33:38', '035/ET-SP/19102023', 'SP', 'd8506786-5beb-4456-8502-600fade488db', '481c5777-1bd3-4f11-b368-9a9e854cb980', 'Sidoarjo-Bandung-Sidoarjo', '', '2023-05-02', '00:00:00', '2023-05-03', '00:00:00', '24', '1', '400000', '', '0', '0', '0', '', '600000', '', 'Tambahan JABAR Rp. 200.000/Hari', '0bd222f8-6e42-11ee-915d-71f781a1a24b', '2023-10-19 01:33:38'),
('ba20790c-57c5-46d5-81e1-76a57e0a0106', '2023-10-19 07:04:53', '025/ET-SP/18102023', 'SP', '4710b79a-5c9d-4d80-b516-23c73932fb51', '62fc7126-6ab5-4de5-ac9c-d5dfe68e6a55', 'Tulungagung', '', '2023-04-29', '01:15:00', '2023-04-30', '00:00:00', '24', '2', '700000', '', '0', '0', '0', '', '700000', '', '-', '0bd222f8-6e42-11ee-915d-71f781a1a24b', '0000-00-00 00:00:00'),
('ba2a7d8c-b280-4c6e-8dde-a5495ca30d7e', '2023-10-19 07:05:23', '030/ET-SP/18102023', 'SP', '84f60eba-283b-4bae-b4f5-abb9d2a5ba9a', '1da628b9-b9d1-45fb-b13b-b6f8250d75ae', 'Batu Malang', '', '2023-04-30', '22:35:00', '2023-04-01', '22:35:00', '24', '1', '350000', '', '0', '0', '0', '', '350000', '', 'Pengambil 1 unit andrew Lukman Efendi (085708723140) kedurus Gg 2 Belakang Musholla Al-Rahman', '0bd222f8-6e42-11ee-915d-71f781a1a24b', '0000-00-00 00:00:00'),
('bc3d7e54-b10a-4218-871d-1b668eed718c', '2023-10-19 07:05:40', '015/ET-SP/17102023', 'SP', '6f98f1df-160d-4116-8ebe-cc5e9388e515', 'd7a1d18e-957b-458d-9015-89aa07f7bba6', 'Kediri-Surabaya-Sidoarjo', '', '2023-04-21', '22:10:00', '2023-04-23', '22:10:00', '24', '2', '1500000', '', '0', '0', '0', '', '1500000', '', '-', '0bd222f8-6e42-11ee-915d-71f781a1a24b', '0000-00-00 00:00:00'),
('bf61a079-1664-41c2-ab5f-b7f847946319', '2023-10-25 01:08:45', '099/ET-SP/25102023', 'SP', 'f1af93c2-c46b-4e7a-a61e-cf84b4d48c63', 'ec8cae6c-ec0d-475a-a474-e3a4f6494a43', 'Jogja', '', '2023-05-07', '05:30:00', '2023-05-10', '05:30:00', '24', '3', '1125000', '200000', '0', '0', '0', '', '1125000', '925000', '-', '0bd222f8-6e42-11ee-915d-71f781a1a24b', '2023-10-25 01:08:45'),
('bffcc88f-2582-4480-af00-da85e21ed176', '2023-10-19 07:07:44', '009/ET-SP/17102023', 'SP', 'd2574a4a-b119-4336-be39-b6379f1231e8', 'b0e3466a-dc70-4a96-a298-be07507e688b', 'Surabaya- Lumajang - malang - Bangil', '', '2023-04-01', '00:00:00', '2023-04-30', '00:00:00', '24', '30', '5800000', '4300000', '0', '0', '0', '', '5800000', '1500000', 'BULANAN (Kurang Bayar 1,5 jt dibayar tanggal 08-04-2023)', '0bd222f8-6e42-11ee-915d-71f781a1a24b', '0000-00-00 00:00:00'),
('c002f257-119d-449c-9f86-6be1e5383555', '2023-10-21 18:41:10', '048/ET-SB/22102023', 'SB', '7518fbc0-48bd-4755-ae23-8ac126eb8bf8', '4306da1a-7d7d-4aec-9004-dbd01c68c844', 'Malang-Pasuruan', 'Rombong', '2023-10-22', '08:40:07', '2023-10-23', '08:40:15', '24', '1', '250000', '100000', '0', '0', '0', '', '250000', '150000', '-', 'cf5ed63c-6e41-11ee-915d-71f781a1a24b', '2023-10-21 18:41:10'),
('c5bba499-6af0-4505-a4a3-2d4b2ddd4ff5', '2023-10-23 20:17:36', '068/ET-SP/24102023', 'SP', '5e195a9c-8460-4231-8b89-31787a5dbd79', '00a84cf1-add4-46ea-8fb2-6c1218b4b2c3', 'Batu', '', '2023-05-15', '15:00:00', '2023-05-16', '15:00:00', '24', '1', '550000', '', '0', '0', '0', '', '550000', '', 'Mobil Bersih', '0bd222f8-6e42-11ee-915d-71f781a1a24b', '2023-10-23 20:17:36'),
('c83fceff-76ce-432f-b1c8-652ca8e24ed2', '2023-10-23 20:58:33', '073/ET-SP/24102023', 'SP', 'ba09451b-b336-4af0-971f-1c9e8632559c', '1da628b9-b9d1-45fb-b13b-b6f8250d75ae', 'Ponorogo', '', '2023-10-23', '16:10:54', '2023-10-24', '16:10:14', '24', '1', '300000', '0', '0', '0', '0', '', '300000', '300000', 'Belum Bayar Perpanjangan 1 Hari', 'cf5ed63c-6e41-11ee-915d-71f781a1a24b', '2023-10-23 20:58:33'),
('d0becff5-5d62-47bc-854b-c5e6e4ffe51e', '2023-10-20 19:47:27', '042/ET-SP/21102023', 'SP', 'a4471720-87e4-4f89-95f0-616a50ba9f3a', 'ec8cae6c-ec0d-475a-a474-e3a4f6494a43', 'Sidoarjo-Surabaya', '', '2023-10-21', '09:30:35', '2023-10-22', '09:30:51', '24', '1', '300000', '300000', '0', '0', '0', '', '300000', '0', '-', 'cf5ed63c-6e41-11ee-915d-71f781a1a24b', '2023-10-20 19:47:27'),
('d1789fe0-c3a4-41ab-b076-1497fd672c5b', '2023-10-19 07:08:27', '029/ET-SP/18102023', 'SP', '3bf7272d-b07c-48f9-a5d1-79cc85462740', '5ce1f493-cbdb-4931-ad5f-80b9c84c6517', 'Malang Batu', '', '2023-04-30', '16:45:00', '2023-04-01', '16:45:00', '24', '1', '300000', '', '0', '0', '0', '', '300000', '', '-', '0bd222f8-6e42-11ee-915d-71f781a1a24b', '0000-00-00 00:00:00'),
('d23e3ddd-bc4d-425b-85c0-16dfaa036526', '2023-10-25 01:38:13', '104/ET-SP/25102023', 'SP', '2fc9fc2f-8eb1-4260-91e8-130d723b7710', 'b0e3466a-dc70-4a96-a298-be07507e688b', 'Jawa Timur', '', '2023-05-09', '09:00:00', '2023-06-09', '09:00:00', '24', '30', '4500000', '', '0', '200000', '0', '', '4500000', '', '-', '0bd222f8-6e42-11ee-915d-71f781a1a24b', '2023-10-25 01:38:13'),
('d67e008c-27a3-45db-83e1-f8e4de9279df', '2023-10-24 02:23:30', '091/ET-SP/24102023', 'SP', '8f648377-f5d8-4c13-a044-ee8e74c975e6', '8bb7138b-1b70-4915-a181-a68bd76bf50f', 'Surabaya-Jombang', '', '2023-05-06', '21:00:00', '2023-05-09', '21:00:00', '24', '3', '1500000', '500000', '0', '0', '0', '', '1500000', '1000000', '-', '0bd222f8-6e42-11ee-915d-71f781a1a24b', '2023-10-24 02:23:30'),
('d6c4ca60-2b73-43ff-a211-3e09139775ce', '2023-10-24 01:07:10', '082/ET-SP/24102023', 'SP', '66887610-9187-4fcf-8791-9ce43235550e', 'd7a1d18e-957b-458d-9015-89aa07f7bba6', 'Lamongan', '', '2023-05-27', '21:50:00', '2023-05-28', '21:50:00', '24', '1', '350000', '', '0', '0', '0', '', '350000', '', '-', '0bd222f8-6e42-11ee-915d-71f781a1a24b', '2023-10-24 01:07:10'),
('d6f3324f-322c-4ccd-94cb-a905c4f561e7', '2023-10-19 02:10:49', '039/ET-SP/19102023', 'SP', '81fbbf6f-3b33-4156-bff0-266657460fea', 'd7a1d18e-957b-458d-9015-89aa07f7bba6', 'Kediri', '', '2023-05-06', '00:00:00', '2023-05-07', '00:00:00', '24', '1', '350000', '', '0', '0', '0', '', '350000', '', '-', '0bd222f8-6e42-11ee-915d-71f781a1a24b', '2023-10-19 02:10:49'),
('d99353c7-29b9-41c4-be73-84c3dd4ae1c8', '2023-10-19 07:08:44', '007/ET-SP/17102023', 'SP', '74e8751c-a016-40a4-8f13-23cebe8b5be0', '5ce1f493-cbdb-4931-ad5f-80b9c84c6517', 'Batu Malang', '', '2023-03-24', '12:00:00', '2023-03-25', '12:00:00', '24', '1', '250000', '', '0', '0', '0', '', '250000', '', '-', '0bd222f8-6e42-11ee-915d-71f781a1a24b', '0000-00-00 00:00:00');
INSERT INTO `tb_formsewa` (`idSewa`, `tglSewa`, `noSewa`, `tipeSewa`, `pelangganId`, `mobilId`, `rute`, `muatan`, `tglBerangkat`, `jamBerangkat`, `tglKembali`, `jamKembali`, `tipeTarif`, `lamaSewa`, `totalTarif`, `dp`, `jasaSopir`, `jasaAntar`, `overtime`, `klaim`, `totalBayar`, `kurangBayar`, `keterangan`, `created_by`, `created_at`) VALUES
('dd3b3971-eeb3-4187-b94d-0bdb61e481db', '2023-10-27 02:12:34', '122/ET-SP/27102023', 'SP', '728a0607-d4c4-4f98-8ec0-1892ada78973', 'f5c50769-9882-4e39-80b4-110a1693815a', 'Surabaya', '', '2023-10-27', '20:00:00', '2023-10-28', '20:00:00', '24', '1', '300000', '100000', '0', '0', '0', '', '300000', '200000', '-', 'cf5ed63c-6e41-11ee-915d-71f781a1a24b', '2023-10-27 02:12:34'),
('deb0a905-3a76-4768-b301-b5bfdbe24d93', '2023-10-21 02:34:55', '046/ET-SB/21102023', 'SB', 'bc7d7812-5a81-416b-9c9c-1831dc56a321', '09446e0f-e3c3-4446-9191-c94de813dfdc', 'Menganti-Gresik', 'Perabot Rumah Tangga', '2023-10-21', '06:00:00', '2023-10-22', '06:00:00', '24', '1', '250000', '0', '0', '0', '0', '', '250000', '250000', '-', 'cf5ed63c-6e41-11ee-915d-71f781a1a24b', '2023-10-21 02:34:55'),
('e14e196b-7768-4e5f-b2b6-4e16064ec697', '2023-10-19 01:56:03', '037/ET-SP/19102023', 'SP', '0e4cd2f2-3d94-40ea-ae88-05f6436d1d3d', 'd7a1d18e-957b-458d-9015-89aa07f7bba6', 'Lamongan', '', '2023-05-07', '05:00:00', '2023-05-08', '05:00:00', '24', '1', '350000', '100000', '0', '0', '0', '', '3500000', '250000', 'Alamat Kontrakan: Taman Tiara Mediteran Claster Blok D2-16 ', '0bd222f8-6e42-11ee-915d-71f781a1a24b', '2023-10-19 01:56:03'),
('e2ce7ed8-b463-45a1-a737-95a0bdfa90d3', '2023-10-23 19:52:33', '063/ET-SP/24102023', 'SP', '575cd95f-49b4-488b-a5aa-a156975e6fc8', '5ce1f493-cbdb-4931-ad5f-80b9c84c6517', 'Sidoarjo', '', '2023-05-14', '00:00:00', '2023-05-15', '00:00:00', '24', '1', '250000', '100000', '0', '0', '0', '', '250000', '150000', '-', '0bd222f8-6e42-11ee-915d-71f781a1a24b', '2023-10-23 19:52:33'),
('e393b3ab-ea00-47ff-b1ea-44bc380d0944', '2023-10-19 01:02:27', '032/ET-SB/19102023', 'SB', '635bcdb1-57b2-4076-a0da-50e87df0142f', '4306da1a-7d7d-4aec-9004-dbd01c68c844', 'Madura-Madiun', '-', '2023-05-05', '08:35:00', '2023-05-03', '08:35:00', '24', '1', '250000', '', '0', '0', '0', '', '2500000', '', 'Alamat Rumah Jl Kertojoyo dsn. Kebonannom CSV, bu Erno Kebonsikep Gedangan', '0bd222f8-6e42-11ee-915d-71f781a1a24b', '2023-10-19 01:02:27'),
('e49d42d6-2ce0-4880-8b78-d76a070a9ce2', '2023-10-24 00:41:09', '079/ET-SP/24102023', 'SP', 'f4d8b46b-3754-4b37-a5cb-d26f095c02dc', '481c5777-1bd3-4f11-b368-9a9e854cb980', 'Suarabaya', '', '2023-05-22', '07:30:00', '2023-05-23', '07:30:00', '24', '1', '400000', '', '0', '0', '0', '', '400000', '', '-', '0bd222f8-6e42-11ee-915d-71f781a1a24b', '2023-10-24 00:41:09'),
('e7ee284e-2563-4513-82ff-3e9a2bd1ef98', '2023-10-23 02:43:36', '060/ET-SP/23102023', 'SP', '232802ac-08ba-4835-90a9-6a15ea087790', 'ec8cae6c-ec0d-475a-a474-e3a4f6494a43', 'Jombang', '', '2023-05-13', '08:17:00', '2023-05-13', '20:17:00', '12', '1', '225000', '', '0', '0', '0', '', '225000', '', '-', '0bd222f8-6e42-11ee-915d-71f781a1a24b', '2023-10-23 02:43:36'),
('eb86e310-a036-44a5-8a52-c09347d1fefc', '2023-10-19 07:08:57', '005/ET-SP/17102023', 'SP', 'e075d3f7-4061-46f5-89e8-4df944096810', '77addbdc-9a80-4a62-a509-3ec9ebfb1d74', 'Magetan', '', '2023-03-21', '08:30:00', '2023-03-22', '08:30:00', '24', '1', '300000', '100000', '0', '0', '0', '', '300000', '200000', '-', '0bd222f8-6e42-11ee-915d-71f781a1a24b', '0000-00-00 00:00:00'),
('ebb71c75-9b06-4fbb-ac20-a73c325ab12f', '2023-10-25 01:42:22', '105/ET-SB/25102023', 'SB', '8f648377-f5d8-4c13-a044-ee8e74c975e6', '09446e0f-e3c3-4446-9191-c94de813dfdc', 'Surabaya', '-', '2023-05-09', '23:10:00', '2023-05-12', '23:10:00', '24', '3', '750000', '', '0', '0', '0', '', '750000', '', '-', '0bd222f8-6e42-11ee-915d-71f781a1a24b', '2023-10-25 01:42:22'),
('ec25a87f-ae25-4749-a641-ab98f728ede8', '2023-10-24 01:27:19', '087/ET-SP/24102023', 'SP', '624835c7-a87a-43dc-8352-a6c804eb4883', '1da628b9-b9d1-45fb-b13b-b6f8250d75ae', 'Malang-Batu', '', '2023-05-06', '22:30:00', '2023-05-07', '22:30:00', '24', '1', '275000', '', '0', '0', '0', '', '275000', '', '-', '0bd222f8-6e42-11ee-915d-71f781a1a24b', '2023-10-24 01:27:19'),
('ef1958ea-d45e-4489-835b-56bbf4d5ae5c', '2023-10-22 23:40:08', '057/ET-SP/23102023', 'SP', 'c01921f4-c30f-4f50-a5f5-0af51a1c1c17', '41d6abb6-fd70-4018-bc39-06ed65b81a84', 'Malang', '', '2023-10-22', '07:00:00', '2023-10-23', '07:00:00', '24', '1', '450000', '450000', '0', '0', '0', '', '450000', '0', '-', 'cf5ed63c-6e41-11ee-915d-71f781a1a24b', '2023-10-22 23:40:08'),
('f4bea144-289c-4816-85bc-dcf81076cd33', '2023-10-22 22:20:02', '056/ET-SB/23102023', 'SB', 'b6bdad8c-62bb-4e0e-81cc-11e9432cbe52', '09446e0f-e3c3-4446-9191-c94de813dfdc', 'Surabaya', 'Pindahan ', '2023-10-23', '12:18:37', '2023-10-23', '00:18:00', '12', '1', '200000', '100000', '0', '0', '0', '', '200000', '100000', '-', 'cf5ed63c-6e41-11ee-915d-71f781a1a24b', '2023-10-22 22:20:02'),
('f958ce0e-4572-4fb8-8930-d87af93b81a4', '2023-10-19 07:09:21', '031/ET-SP/18102023', 'SP', '8542175d-b4fd-4879-90ef-efb10a738a50', 'b97c7c58-8edc-4a34-824a-5e1c8200d4f2', 'Surabaya-Bromo-Bondowoso-Banyuwangi', '', '2023-10-18', '17:08:41', '2023-10-21', '17:08:41', '24', '3', '1050000', '300000', '0', '0', '0', '', '300000', '750000', 'Pembayaran Kurang 750.000', '0bd222f8-6e42-11ee-915d-71f781a1a24b', '0000-00-00 00:00:00'),
('f9d884fb-359a-4ea5-98b6-7ff143fdaf57', '2023-10-24 18:26:43', '096/ET-SB/25102023', 'SB', 'af9f9fe1-769a-418c-8c5f-dba0148e0fc0', '09446e0f-e3c3-4446-9191-c94de813dfdc', 'Waru Sidoarjo', 'Biji Asam', '2023-10-25', '08:24:24', '2023-10-25', '20:24:32', '12', '1', '200000', '0', '0', '0', '0', '', '200000', '200000', '-', 'cf5ed63c-6e41-11ee-915d-71f781a1a24b', '2023-10-24 18:26:43'),
('f9d8ba76-3689-4cf7-8a02-094290e2aa4a', '2023-10-21 01:35:37', '044/ET-SB/21102023', 'SB', 'ec50bbb3-59b2-42bd-bd71-72b5b3b5eb68', '4306da1a-7d7d-4aec-9004-dbd01c68c844', 'Sidoarjo', 'Pagar', '2023-10-11', '15:00:00', '2023-10-20', '15:00:00', '24', '9', '2250000', '1000000', '0', '0', '0', '', '2250000', '1250000', '-', 'cf5ed63c-6e41-11ee-915d-71f781a1a24b', '2023-10-21 01:35:37'),
('fad05eac-c351-4c44-a9b7-b6571c2a0d95', '2023-10-25 02:08:56', '107/ET-SP/25102023', 'SP', '5e195a9c-8460-4231-8b89-31787a5dbd79', '00a84cf1-add4-46ea-8fb2-6c1218b4b2c3', 'Malang Kota', '', '2023-05-10', '21:30:00', '2023-05-11', '21:30:00', '24', '1', '550000', '250000', '0', '0', '0', '', '550000', '300000', 'Kerja jualan tempe pasar sono', '0bd222f8-6e42-11ee-915d-71f781a1a24b', '2023-10-25 02:08:56'),
('ff7e1813-7874-492d-a428-2fc56fdddaf9', '2023-10-24 01:17:00', '084/ET-SP/24102023', 'SP', '54105721-498e-45a7-83ce-5625485875bd', 'b0e3466a-dc70-4a96-a298-be07507e688b', 'Sidoarjo', '', '2023-05-06', '00:00:00', '2023-05-07', '00:00:00', '24', '2', '550000', '50000', '0', '0', '0', '', '550000', '500000', '-', '0bd222f8-6e42-11ee-915d-71f781a1a24b', '2023-10-24 01:17:00');

-- --------------------------------------------------------

--
-- Table structure for table `tb_invoice`
--

CREATE TABLE `tb_invoice` (
  `idInvoice` int(11) NOT NULL,
  `nama` varchar(50) NOT NULL,
  `alamat` varchar(50) NOT NULL,
  `noTelp` varchar(20) NOT NULL,
  `email` varchar(50) NOT NULL,
  `tanggalPemesanan` datetime NOT NULL,
  `batasPembayaran` datetime NOT NULL
) ENGINE=InnoDB DEFAULT CHARSET=utf8mb4 COLLATE=utf8mb4_general_ci;

--
-- Dumping data for table `tb_invoice`
--

INSERT INTO `tb_invoice` (`idInvoice`, `nama`, `alamat`, `noTelp`, `email`, `tanggalPemesanan`, `batasPembayaran`) VALUES
(2, 'asd', 'asd', '09394934', 'asdasd@gmail.com', '2022-06-12 07:52:02', '2022-06-13 07:52:02'),
(3, 'Ahmad', 'jalan luduk ombo nomer 12', '09873839472', 'ahmadc4hy4@gmail.com', '2022-06-12 08:26:14', '2022-06-13 08:26:14'),
(4, 'Agung Prasetyo', 'jalan hayam muruk nomer 123', '09847733', 'agung@mail.com', '2022-06-30 06:40:30', '2022-07-01 06:40:30'),
(5, 'Agung Prasetyo', 'jalan hayam muruk nomer 123', '09847733', 'agung@mail.com', '2022-07-01 07:01:46', '2022-07-02 07:01:46'),
(6, 'Agung Prasetyo', 'jalan hayam muruk nomer 123', '09847733', 'agung@mail.com', '2022-07-01 07:18:05', '2022-07-02 07:18:05'),
(7, 'Agung Prasetyo', 'jalan hayam muruk nomer 123', '09847733', 'agung@mail.com', '2022-07-01 07:19:04', '2022-07-02 07:19:04'),
(8, 'Agung Prasetyo ddd', 'jalan hayam muruk nomer 123', '09847733', 'agung@mail.com', '2022-07-03 15:56:00', '2022-07-04 15:56:00'),
(10, 'Dimyati Azhar', 'jalan hayam muruk nomer 123', '09847733', 'agung@mail.com', '2022-07-03 21:09:02', '2022-07-04 21:09:02'),
(11, 'Dimyati Azhar', 'jalan hayam muruk nomer 123', '09847733', 'agung@gmail.com', '2022-07-04 20:38:10', '2022-07-05 20:38:10');

-- --------------------------------------------------------

--
-- Table structure for table `tb_jaminan`
--

CREATE TABLE `tb_jaminan` (
  `idJaminan` varchar(36) NOT NULL,
  `namaJaminan` varchar(50) NOT NULL
) ENGINE=InnoDB DEFAULT CHARSET=utf8mb4 COLLATE=utf8mb4_general_ci;

--
-- Dumping data for table `tb_jaminan`
--

INSERT INTO `tb_jaminan` (`idJaminan`, `namaJaminan`) VALUES
('1b764ae7-7201-44da-84a4-2ffb008f347c', 'UANG Rp. 500.000'),
('53955cae-f776-4bec-9795-510a25fd5c8e', 'SIM C'),
('5d4f09da-35d2-4fa0-8c8e-cfc2dd3efdfa', 'STNK'),
('8cdd7d81-3272-4808-9593-e9a05f1ece18', 'KARTU ANGGOTA'),
('a2c7d03f-acde-4e60-ac5a-b8e1f128a32c', 'NPWP'),
('a4777292-3790-4529-95c3-200868c8f663', 'UANG Rp. 2.000.000'),
('a838a0f0-1c8b-4438-8086-3423d3e78099', 'BPKB'),
('ae4c1d2e-f515-44cd-acfb-401bb6ef6139', 'UANG Rp 5.000.000'),
('af6552f9-83b7-4aec-ab82-a33205fc11ef', 'MOBIL'),
('c0bd9e88-0aa9-4422-b9b8-ec4cc13161f3', 'UANG Rp. 2.500.000'),
('d1465dea-b3b4-40cd-b547-31f2ba35689d', 'UANG Rp. 4.000.000'),
('e0e616d7-9af0-4334-8cfb-e51024979895', 'KTP'),
('e27ecfba-8c67-44ce-a1fd-1a778939591d', 'KK'),
('f35d516d-19b6-4028-b7eb-b548f733b96c', 'MOTOR');

-- --------------------------------------------------------

--
-- Table structure for table `tb_jaminansewa`
--

CREATE TABLE `tb_jaminansewa` (
  `id` varchar(36) NOT NULL,
  `idSewa` varchar(36) NOT NULL,
  `idJaminan` varchar(36) NOT NULL
) ENGINE=InnoDB DEFAULT CHARSET=latin1 COLLATE=latin1_swedish_ci;

--
-- Dumping data for table `tb_jaminansewa`
--

INSERT INTO `tb_jaminansewa` (`id`, `idSewa`, `idJaminan`) VALUES
('01326d2e-9b0e-4a5b-ba1c-6c18c2149a0d', '5e537228-433e-4380-8c64-1c595c2022ad', '5d4f09da-35d2-4fa0-8c8e-cfc2dd3efdfa'),
('01981ad8-72ef-48b5-8188-47014ee14944', '7c7184ad-8bbe-476b-8809-8e2f5b6724ac', '53955cae-f776-4bec-9795-510a25fd5c8e'),
('03e3116f-82f9-41cd-b6cc-5567a965f68c', '49f849df-b397-4629-bfce-70008854479e', 'e0e616d7-9af0-4334-8cfb-e51024979895'),
('0403ee31-df45-4143-ba77-8b8d39d85b94', '94b7b014-47ae-45f1-a19a-07ceee2a9a10', '5d4f09da-35d2-4fa0-8c8e-cfc2dd3efdfa'),
('04a421d2-9a2b-4cc5-88ec-cf3dae11381c', '5152f3af-d1ee-4d42-9a95-746d3266b2cf', 'e0e616d7-9af0-4334-8cfb-e51024979895'),
('04a6b9a2-e8ff-401f-9746-9e9ca83099fd', 'd1789fe0-c3a4-41ab-b076-1497fd672c5b', 'e0e616d7-9af0-4334-8cfb-e51024979895'),
('04d30325-3347-49dc-b32e-d6f772c890fc', '8aa730ca-7343-4be1-9adb-cd735431551a', '5d4f09da-35d2-4fa0-8c8e-cfc2dd3efdfa'),
('05cc2a9e-d41c-4b42-8f8c-2aaec5e1c177', 'ec25a87f-ae25-4749-a641-ab98f728ede8', '53955cae-f776-4bec-9795-510a25fd5c8e'),
('06178c9b-5861-4542-8c4c-d9f7657dd82f', '3259f0bb-cdf0-4944-a5a1-23bf31a44fda', 'f35d516d-19b6-4028-b7eb-b548f733b96c'),
('06cb360b-d97d-4527-92ab-a2370d8e7cd1', 'f958ce0e-4572-4fb8-8930-d87af93b81a4', 'f35d516d-19b6-4028-b7eb-b548f733b96c'),
('06d7e041-8b17-46c9-8963-cb7bfd7dc544', 'ddcd069a-667f-4f9b-b873-dff3cf67f772', 'e0e616d7-9af0-4334-8cfb-e51024979895'),
('071402de-ea28-4335-9d6b-8db29b6d1cc6', 'fad05eac-c351-4c44-a9b7-b6571c2a0d95', '5d4f09da-35d2-4fa0-8c8e-cfc2dd3efdfa'),
('0835d56c-8297-48ad-8e59-130d4591c99b', 'ddcd069a-667f-4f9b-b873-dff3cf67f772', 'f35d516d-19b6-4028-b7eb-b548f733b96c'),
('093f9566-ecad-4cb0-ae5f-98fc37954f62', '9c7afc04-a95f-4bbc-8122-90aeb38a2c73', '5d4f09da-35d2-4fa0-8c8e-cfc2dd3efdfa'),
('0bba36c8-f59a-4e13-99ac-3cfb5aaddd44', '66ffe62c-23b9-42f0-94e7-f81624187c25', 'f35d516d-19b6-4028-b7eb-b548f733b96c'),
('0bfe5ad0-36e6-4dd3-b32f-8383708f9283', 'ba20790c-57c5-46d5-81e1-76a57e0a0106', '5d4f09da-35d2-4fa0-8c8e-cfc2dd3efdfa'),
('0c203a26-54e8-4382-b6fe-84e1a5938d6d', '445cbd76-9c19-428a-9fff-4b9f42454dd2', 'e0e616d7-9af0-4334-8cfb-e51024979895'),
('0c2337d5-4b3a-416a-ae6b-96651c07431e', '90c05753-8bb7-444a-a2e7-e6e5e3c8fd10', 'e0e616d7-9af0-4334-8cfb-e51024979895'),
('0c7721e4-2c16-46d1-af9c-3a79aecefd90', '5a44f5d9-ed29-4d68-b3b0-54276e1febbb', 'e0e616d7-9af0-4334-8cfb-e51024979895'),
('0d9c5f9c-9d46-42b0-9a22-e2fcd02484a8', 'fad05eac-c351-4c44-a9b7-b6571c2a0d95', 'e0e616d7-9af0-4334-8cfb-e51024979895'),
('0daf05ac-77b9-4eaa-81c8-214b3cef3dd1', '1940ff4a-d3c1-4000-b985-8a66c25b7fbb', 'f35d516d-19b6-4028-b7eb-b548f733b96c'),
('0e17dae7-3339-4733-a5f6-d3e848ad24d7', 'b18a0e1d-5bcc-4da9-852b-f08ef02786a8', 'f35d516d-19b6-4028-b7eb-b548f733b96c'),
('0e4189f3-d99a-40fd-9532-d1847073b50d', 'b37bfed9-7988-4f9b-b8ea-9dc89dcdb5f2', 'f35d516d-19b6-4028-b7eb-b548f733b96c'),
('0e4dd363-2edb-4ee8-be30-f6024266aa57', '4c548fe5-e5e7-4751-9441-164223ed56c4', '53955cae-f776-4bec-9795-510a25fd5c8e'),
('0ecc4d31-0a2c-4a8b-8016-6a90813c3ba2', '76e4fcdd-82f5-4298-8f94-5e2a244ff20d', 'e0e616d7-9af0-4334-8cfb-e51024979895'),
('0f171556-79df-41bb-9577-d5bad503f280', '0d6ca21d-0dd3-45b4-9d77-5f23d5b02acc', 'e0e616d7-9af0-4334-8cfb-e51024979895'),
('0f95e5b1-459a-48a2-a69a-2687f4ede18c', '84344783-6050-4311-9d3c-ace5876712a4', '53955cae-f776-4bec-9795-510a25fd5c8e'),
('0fec64b1-7ee0-4687-ac33-1e2449d7b501', '7c7184ad-8bbe-476b-8809-8e2f5b6724ac', 'e0e616d7-9af0-4334-8cfb-e51024979895'),
('10bc3c9f-4a45-4a02-9eec-077d6e449236', '69725055-3ace-4038-b66b-81e2beb793b9', '5d4f09da-35d2-4fa0-8c8e-cfc2dd3efdfa'),
('11607fbc-ed45-4cca-b606-cc1f6114cb73', '67cd6ee1-3303-4536-8abf-e215dbe42871', '5d4f09da-35d2-4fa0-8c8e-cfc2dd3efdfa'),
('1210f46b-a6c6-4b05-a11d-26c2d450fbb2', '50f9f2ee-bd92-405b-bde0-6fa4a47cc05b', '5d4f09da-35d2-4fa0-8c8e-cfc2dd3efdfa'),
('123c5d10-96cf-4375-8eec-a436b9ec641b', '1aa674fb-0969-47c3-b5e2-08322d31ac29', '5d4f09da-35d2-4fa0-8c8e-cfc2dd3efdfa'),
('131890d5-adce-4379-b18c-2320274046a1', '3259f0bb-cdf0-4944-a5a1-23bf31a44fda', '5d4f09da-35d2-4fa0-8c8e-cfc2dd3efdfa'),
('1340f846-681d-40a9-aed8-bdf3a5572876', 'b860c248-0f75-459a-83d5-db04abaa7782', '5d4f09da-35d2-4fa0-8c8e-cfc2dd3efdfa'),
('138ea7d9-37ab-4e92-9090-060c0827f1b0', '3dbc655f-9c40-4ebb-8a4a-11bf828f80c7', '5d4f09da-35d2-4fa0-8c8e-cfc2dd3efdfa'),
('143821a3-e846-486f-b37b-84da41280c1d', 'ef1958ea-d45e-4489-835b-56bbf4d5ae5c', 'e0e616d7-9af0-4334-8cfb-e51024979895'),
('1492bd7d-3c9a-4dff-ae50-0a31b48961e3', '90baeabb-8196-4d00-afdd-86201a19f5b7', '53955cae-f776-4bec-9795-510a25fd5c8e'),
('156e5e02-771c-45e0-ad1b-77fa8c25ca7b', 'af2ba71d-7085-4dbf-af39-a915511c0733', 'f35d516d-19b6-4028-b7eb-b548f733b96c'),
('160a192b-1397-4b53-9875-94b197c1b6f2', '1e017129-95f0-4cc6-80ac-8721aa9f507c', '53955cae-f776-4bec-9795-510a25fd5c8e'),
('1647bd9f-b78a-4cfc-ac29-cf92e9353a0b', 'f4bea144-289c-4816-85bc-dcf81076cd33', '5d4f09da-35d2-4fa0-8c8e-cfc2dd3efdfa'),
('164caac8-d5b9-483f-af8d-8edc2a229bb4', '50f9f2ee-bd92-405b-bde0-6fa4a47cc05b', '53955cae-f776-4bec-9795-510a25fd5c8e'),
('17333e14-e720-46f0-a022-2c3dfaa5747f', 'deb0a905-3a76-4768-b301-b5bfdbe24d93', 'ae4c1d2e-f515-44cd-acfb-401bb6ef6139'),
('17897aa5-5580-4834-98cd-524aa13a637f', 'd0becff5-5d62-47bc-854b-c5e6e4ffe51e', 'f35d516d-19b6-4028-b7eb-b548f733b96c'),
('18570c15-f139-4dd2-8640-4cea3115aa40', 'b47d3fb4-391d-4d60-87ed-beb6a487854b', '5d4f09da-35d2-4fa0-8c8e-cfc2dd3efdfa'),
('188459a8-dd42-4c02-8028-7d1b461d3196', 'c5bba499-6af0-4505-a4a3-2d4b2ddd4ff5', '53955cae-f776-4bec-9795-510a25fd5c8e'),
('18b77ffb-01b9-40bd-896d-522087ce09df', '8171418b-ba96-4d76-90d8-2acfe27a4af5', 'e0e616d7-9af0-4334-8cfb-e51024979895'),
('1972e596-a590-46a4-a66e-12d71a77641a', '815254ba-22f9-4999-8c9a-94a004586058', '53955cae-f776-4bec-9795-510a25fd5c8e'),
('1a0151ed-3a8d-4d9d-948c-4ddebcf4d4d4', 'b18a0e1d-5bcc-4da9-852b-f08ef02786a8', '5d4f09da-35d2-4fa0-8c8e-cfc2dd3efdfa'),
('1a27a6d9-3292-4410-b522-f8641ca15b67', 'b7be9f3c-caf2-43ef-ac0d-719e00294b61', 'f35d516d-19b6-4028-b7eb-b548f733b96c'),
('1a3992ae-2fd6-4b5a-ad8f-811174533b9f', '6bd7b714-bb6c-41ac-b3d6-f6117983cbdc', 'f35d516d-19b6-4028-b7eb-b548f733b96c'),
('1a7b168d-54e1-4266-a992-27abdd8a1b58', 'eb86e310-a036-44a5-8a52-c09347d1fefc', 'f35d516d-19b6-4028-b7eb-b548f733b96c'),
('1adda895-b8a1-4b40-a15e-58582e93ca01', '29c822de-3398-408a-b012-39045904b995', 'e0e616d7-9af0-4334-8cfb-e51024979895'),
('1ba4dc52-c93e-4ccb-ba2b-baaaedf08d92', 'd0becff5-5d62-47bc-854b-c5e6e4ffe51e', '53955cae-f776-4bec-9795-510a25fd5c8e'),
('1c452f35-f947-4027-866b-3622bee01fe3', 'e393b3ab-ea00-47ff-b1ea-44bc380d0944', '5d4f09da-35d2-4fa0-8c8e-cfc2dd3efdfa'),
('1cc7d7b1-9922-40b5-ba66-be2d588f0537', '55cf134a-31d3-4301-aa5b-f8b47118f2f9', '5d4f09da-35d2-4fa0-8c8e-cfc2dd3efdfa'),
('1ceab655-4875-4593-a957-b6db9c7eaae8', '90c05753-8bb7-444a-a2e7-e6e5e3c8fd10', 'f35d516d-19b6-4028-b7eb-b548f733b96c'),
('1cedb3da-d0e9-46b5-a629-5aedbe11fad2', 'aaa96225-c0a8-46df-b2c1-2ab1b5c9afd4', 'e0e616d7-9af0-4334-8cfb-e51024979895'),
('1d03f2f7-7fcb-4ad7-b554-298dae7305c8', '2a8f5b8f-7d65-465e-98f9-a8ceed9b6d56', 'e0e616d7-9af0-4334-8cfb-e51024979895'),
('1e07df5d-b13c-4ddd-b3e1-706c93379c3d', 'eb86e310-a036-44a5-8a52-c09347d1fefc', 'e0e616d7-9af0-4334-8cfb-e51024979895'),
('1e54e448-0bcf-4a41-90bd-a8a59a2069e7', '5e537228-433e-4380-8c64-1c595c2022ad', 'e0e616d7-9af0-4334-8cfb-e51024979895'),
('1f51705d-ff82-4a6e-814f-156233e71e8f', '445cbd76-9c19-428a-9fff-4b9f42454dd2', 'f35d516d-19b6-4028-b7eb-b548f733b96c'),
('1fd2c4c4-10ab-45fa-a1ea-951bf9101e77', 'c751bce0-a1a3-4de7-aa64-ed6f198ac92d', '5d4f09da-35d2-4fa0-8c8e-cfc2dd3efdfa'),
('200c9569-1890-4ee2-925e-cf48bd0c791b', '19ec758a-1e95-49ca-84e5-7b8832cf3921', 'f35d516d-19b6-4028-b7eb-b548f733b96c'),
('203370a7-1262-4158-ab06-8d75ed3ffd37', '203e5d44-684e-4988-b8b1-3e6aa105aec0', '5d4f09da-35d2-4fa0-8c8e-cfc2dd3efdfa'),
('20c62450-e0ea-4534-a4c0-1666ef249cbc', '1490f1ba-2599-4e39-9b5c-599635230f99', '5d4f09da-35d2-4fa0-8c8e-cfc2dd3efdfa'),
('21914451-8d3e-494a-af6d-47da08c2a0c7', '84344783-6050-4311-9d3c-ace5876712a4', '5d4f09da-35d2-4fa0-8c8e-cfc2dd3efdfa'),
('21a21def-6229-410d-b563-7f0829f134d3', 'a336d99a-0da6-4291-82c2-6a9c69ba743f', '53955cae-f776-4bec-9795-510a25fd5c8e'),
('22685e15-bb4f-4c30-82fc-409e8a5ffd0d', '092684ab-487c-4424-8ff3-4d63ded1d172', '53955cae-f776-4bec-9795-510a25fd5c8e'),
('22a1b489-31b1-4519-a678-89a16db4c875', '1bb9a83a-d255-4ddb-aff0-34c581536433', '5d4f09da-35d2-4fa0-8c8e-cfc2dd3efdfa'),
('22e74d80-02b8-429f-a558-0bb9a026bd37', '6865a5a6-2631-4904-8422-eb93b5a8889b', '5d4f09da-35d2-4fa0-8c8e-cfc2dd3efdfa'),
('23004932-ca87-4378-bee7-f82dff19e9d5', 'a336d99a-0da6-4291-82c2-6a9c69ba743f', '5d4f09da-35d2-4fa0-8c8e-cfc2dd3efdfa'),
('23522d53-7c50-4f52-b801-fc3438c3930f', '148b0bcd-92ee-4dee-aa95-3f4f842221b8', 'e0e616d7-9af0-4334-8cfb-e51024979895'),
('247b42d7-40cd-4874-b3fe-ed8f59c4f409', 'ef1958ea-d45e-4489-835b-56bbf4d5ae5c', 'f35d516d-19b6-4028-b7eb-b548f733b96c'),
('24a4a5fc-f8f3-4024-aab2-a725f3adf14c', '69bd8d04-a24c-4e2a-8780-e3fe72edffd7', '53955cae-f776-4bec-9795-510a25fd5c8e'),
('25059869-bf58-4b48-83a1-23b982b5a7e7', '9990bf45-542d-4459-831b-e2b9b6b4b120', 'e0e616d7-9af0-4334-8cfb-e51024979895'),
('25448d18-157e-412f-ad95-b36d89635750', '91bcba60-348c-4d95-ab5f-5cfa67548fa4', '5d4f09da-35d2-4fa0-8c8e-cfc2dd3efdfa'),
('2549a9e1-89bd-42d4-8115-f964fd8438ca', '50f9f2ee-bd92-405b-bde0-6fa4a47cc05b', 'e0e616d7-9af0-4334-8cfb-e51024979895'),
('25c64f4a-3160-4f2e-92ea-5ed8bc1961d2', '3fbe4b81-0403-462d-a840-e33621c701be', '5d4f09da-35d2-4fa0-8c8e-cfc2dd3efdfa'),
('262aa56e-b753-41e3-bc73-84fff7fd2a57', '750be377-b3e3-442c-a4eb-83223266d325', 'f35d516d-19b6-4028-b7eb-b548f733b96c'),
('26326937-86f1-46b2-be6e-0606000f26b2', 'afbb2919-baaa-4d15-a5c2-f80d8c24c015', 'f35d516d-19b6-4028-b7eb-b548f733b96c'),
('27cf7118-f650-43c4-b078-02988f5f1a51', '01a13c68-044e-48fe-bab3-b2ae9bbc0e19', '5d4f09da-35d2-4fa0-8c8e-cfc2dd3efdfa'),
('293cdda5-b844-4a84-9df7-f9349aba8c49', '5a97cbba-3149-4b42-abd8-722d2c518a4f', '53955cae-f776-4bec-9795-510a25fd5c8e'),
('2a40c666-5795-4427-97c8-9156681f2207', 'd6c4ca60-2b73-43ff-a211-3e09139775ce', 'e0e616d7-9af0-4334-8cfb-e51024979895'),
('2a4fc275-2b84-4d53-920d-36839f6a8a51', '1ebab1e8-8923-4442-9174-c1b4bc507109', 'f35d516d-19b6-4028-b7eb-b548f733b96c'),
('2a9e7656-32db-4bfb-abae-10555dda872c', '425d3e64-78e4-470f-8a46-686daebb77ed', 'e0e616d7-9af0-4334-8cfb-e51024979895'),
('2ac0d2e8-dad2-4af9-8d08-611ad062e789', 'e14e196b-7768-4e5f-b2b6-4e16064ec697', '5d4f09da-35d2-4fa0-8c8e-cfc2dd3efdfa'),
('2b95783a-c4d3-4b20-a742-187f92e306e9', '477b6a09-2f3a-41c6-bc55-cb44b029cbc4', 'e0e616d7-9af0-4334-8cfb-e51024979895'),
('2bfe29c6-70ca-4764-8959-0f3bc4ab2b73', '7c7184ad-8bbe-476b-8809-8e2f5b6724ac', '5d4f09da-35d2-4fa0-8c8e-cfc2dd3efdfa'),
('2c4033b7-cdda-4932-a7e5-91e60a695111', '96c71392-506f-475d-893d-a19d20c701c5', '1b764ae7-7201-44da-84a4-2ffb008f347c'),
('2c8dc7c2-786e-4e4d-9a88-8db5b09734b9', 'ba2a7d8c-b280-4c6e-8dde-a5495ca30d7e', 'c0bd9e88-0aa9-4422-b9b8-ec4cc13161f3'),
('2ce3a6c2-2af3-4719-9695-16a6401681e3', '3b68076f-7b22-4cc0-921a-e25c76514327', 'f35d516d-19b6-4028-b7eb-b548f733b96c'),
('2d9f1237-e8ab-45fd-9c33-c8d7f369f13d', '9990bf45-542d-4459-831b-e2b9b6b4b120', '5d4f09da-35d2-4fa0-8c8e-cfc2dd3efdfa'),
('2e74b436-57d1-453b-b018-479a28f44a87', 'c5bba499-6af0-4505-a4a3-2d4b2ddd4ff5', 'e0e616d7-9af0-4334-8cfb-e51024979895'),
('2ee04c0b-1e35-4231-b53c-ecd43975e987', '93503697-0f56-4f1f-a7eb-8a6dd6f70ce8', 'f35d516d-19b6-4028-b7eb-b548f733b96c'),
('2f87615b-e6ba-40cd-bbd5-a7c92613018a', 'c002f257-119d-449c-9f86-6be1e5383555', 'e0e616d7-9af0-4334-8cfb-e51024979895'),
('30c1a430-93e5-4135-af89-dbf5cf2f1952', '3324ea95-8e13-4551-a104-dac4c1431938', 'f35d516d-19b6-4028-b7eb-b548f733b96c'),
('30dcdce9-58ae-40ef-a56d-46f93bbcccc0', 'e393b3ab-ea00-47ff-b1ea-44bc380d0944', '53955cae-f776-4bec-9795-510a25fd5c8e'),
('3152de7a-387e-4554-960a-9734c7f4fa42', 'bc3d7e54-b10a-4218-871d-1b668eed718c', '5d4f09da-35d2-4fa0-8c8e-cfc2dd3efdfa'),
('3177a8d8-de06-4f67-ad1a-c3e85a14d1ee', '815254ba-22f9-4999-8c9a-94a004586058', 'e0e616d7-9af0-4334-8cfb-e51024979895'),
('31bcea9a-a40e-4718-8602-7ca9bdd13fa2', '33eb6b14-99a6-4086-8ca2-5c5b14dfa9e7', '5d4f09da-35d2-4fa0-8c8e-cfc2dd3efdfa'),
('331c4b3a-1d86-429a-9a67-8184ecc1131c', '7349e530-34e7-4c72-b99c-ac1f3e7d3c62', 'e0e616d7-9af0-4334-8cfb-e51024979895'),
('339010ae-a249-4950-8931-3459335a194c', '3c941071-76eb-4e8f-93ba-b04bf00353e8', 'f35d516d-19b6-4028-b7eb-b548f733b96c'),
('33c83829-c9d6-49bc-9f92-d3f3a0c1ace1', '50951a6b-a3a8-42ee-bcf5-586b8f35805c', 'e0e616d7-9af0-4334-8cfb-e51024979895'),
('35552b0c-aea1-4d7b-bf4b-bcf38d3d20ce', '3ca58420-2ea1-4395-9caa-0dc29ac2dd3e', 'd1465dea-b3b4-40cd-b547-31f2ba35689d'),
('355acb80-26cb-4ced-b528-60e0ca5fc7d0', '40148532-5f4a-49a3-a466-1086bcda5316', '5d4f09da-35d2-4fa0-8c8e-cfc2dd3efdfa'),
('376265a8-95ae-4965-b73f-c927ad59d4bf', '55cf134a-31d3-4301-aa5b-f8b47118f2f9', 'f35d516d-19b6-4028-b7eb-b548f733b96c'),
('37e55125-408d-4ad3-a8df-0d5c0fd522fb', 'd23e3ddd-bc4d-425b-85c0-16dfaa036526', 'e0e616d7-9af0-4334-8cfb-e51024979895'),
('3919c2b5-053c-42d6-874d-d7c92b3ce188', '626d3cc6-df9a-4f83-9c55-82b2d246ad64', '5d4f09da-35d2-4fa0-8c8e-cfc2dd3efdfa'),
('3943752f-ac97-487e-ab4d-779b3df1ce1b', '60da80b8-a835-42c3-ae91-7230c0f406ef', 'f35d516d-19b6-4028-b7eb-b548f733b96c'),
('39c5a0db-7851-455f-be9e-efeb1f5a962d', '371c4664-e7b4-4492-bdc4-bf1cabc11622', '5d4f09da-35d2-4fa0-8c8e-cfc2dd3efdfa'),
('3a0ba15b-bb57-4be3-95e4-6134e40d6fe5', 'f958ce0e-4572-4fb8-8930-d87af93b81a4', 'e0e616d7-9af0-4334-8cfb-e51024979895'),
('3af9123a-bb46-4691-9b53-26aa3e045051', '52a17923-5ff6-4624-9398-ec25f8103427', '53955cae-f776-4bec-9795-510a25fd5c8e'),
('3da5299f-2da6-469d-9a10-239e5b944ef9', '77dd8949-ff7a-4d1a-9e9e-f99f6ca5c24f', '5d4f09da-35d2-4fa0-8c8e-cfc2dd3efdfa'),
('3dd6cfe1-4825-4de8-a284-0a3cd7081475', 'ba2a7d8c-b280-4c6e-8dde-a5495ca30d7e', '53955cae-f776-4bec-9795-510a25fd5c8e'),
('3dee1299-c97a-4c76-9fe8-d1a5aae2ad1d', 'ba20790c-57c5-46d5-81e1-76a57e0a0106', 'f35d516d-19b6-4028-b7eb-b548f733b96c'),
('3e95e6c3-b78c-4c03-8064-cec3af159e18', '49f849df-b397-4629-bfce-70008854479e', 'f35d516d-19b6-4028-b7eb-b548f733b96c'),
('3f0b8be6-4960-4625-9805-e9eca7e88903', 'f9d8ba76-3689-4cf7-8a02-094290e2aa4a', '5d4f09da-35d2-4fa0-8c8e-cfc2dd3efdfa'),
('3f720a86-1e04-4ff2-a5c8-1b778a7118ff', '9990bf45-542d-4459-831b-e2b9b6b4b120', 'f35d516d-19b6-4028-b7eb-b548f733b96c'),
('403f6ad5-93e3-42d2-a08e-5b569f38d7cf', 'd67e008c-27a3-45db-83e1-f8e4de9279df', '5d4f09da-35d2-4fa0-8c8e-cfc2dd3efdfa'),
('40906263-9b0a-4103-9b5a-264b1d7d5ce9', '3259f0bb-cdf0-4944-a5a1-23bf31a44fda', 'e0e616d7-9af0-4334-8cfb-e51024979895'),
('413abd52-5500-4e8c-946e-547ad828afa3', 'b29a7573-6fa3-43fb-9e65-ec67ed11b408', '5d4f09da-35d2-4fa0-8c8e-cfc2dd3efdfa'),
('416b1006-4702-4205-af90-022c2b0dc66f', '455c841d-0574-4d7e-9395-d5e9ef1ab8a8', '5d4f09da-35d2-4fa0-8c8e-cfc2dd3efdfa'),
('41eeda4e-17a1-4942-ac59-eb5db31d20b2', '20875f25-ded2-483c-af72-9a2a897456bb', 'af6552f9-83b7-4aec-ab82-a33205fc11ef'),
('41ef5b2e-dd27-4382-b585-d00e36ea3784', 'a38d4d3d-510c-4c52-9f1e-05e75ef161b3', '53955cae-f776-4bec-9795-510a25fd5c8e'),
('420a2431-b9b1-475f-856b-d702d7126c1e', '128b33dc-a69e-42aa-9108-d024278d83f7', '5d4f09da-35d2-4fa0-8c8e-cfc2dd3efdfa'),
('42113859-ef59-45de-b9c9-5db2d4901ca9', '286de8ca-908d-49a3-abbc-eee50413a3a4', '5d4f09da-35d2-4fa0-8c8e-cfc2dd3efdfa'),
('427952ee-d6a5-417a-bcf6-51295df63d5a', '9c7afc04-a95f-4bbc-8122-90aeb38a2c73', 'e0e616d7-9af0-4334-8cfb-e51024979895'),
('427e5385-1456-4ce2-a44b-4de581d11281', '42c99ce3-c808-4e3c-b57b-fb47874fd754', 'e27ecfba-8c67-44ce-a1fd-1a778939591d'),
('42835316-0c2e-4742-aac1-22c1cb4e98fc', '10cb309f-f598-4fca-84c5-42ade7e486df', '5d4f09da-35d2-4fa0-8c8e-cfc2dd3efdfa'),
('42b80b31-14e8-42df-b3b7-d3a0a2d4abf5', '1688fcc3-0979-4a10-919f-5d698c9790be', 'a838a0f0-1c8b-4438-8086-3423d3e78099'),
('42df0638-06ff-4c8c-90c8-f576f5f538cf', '477b6a09-2f3a-41c6-bc55-cb44b029cbc4', 'f35d516d-19b6-4028-b7eb-b548f733b96c'),
('4409f19a-4137-4c82-a151-0d2013df260b', '14fa81ad-134a-47ac-850e-0258c23f4cfd', '5d4f09da-35d2-4fa0-8c8e-cfc2dd3efdfa'),
('440daaaa-d54a-47e0-bfcc-7af490940a1c', 'e1caa549-ebdf-4f65-aea6-5a0e137fe4a4', '53955cae-f776-4bec-9795-510a25fd5c8e'),
('44704c8a-e2a7-4da1-9442-cf43ec601848', 'd1789fe0-c3a4-41ab-b076-1497fd672c5b', '5d4f09da-35d2-4fa0-8c8e-cfc2dd3efdfa'),
('45c10848-63fd-40f0-9302-bec4c30babef', '724c4d81-2a78-4ddf-9139-43fd7ec3cb34', 'e0e616d7-9af0-4334-8cfb-e51024979895'),
('46077ff6-edbd-44ce-867b-7d32c502ffde', 'ebb71c75-9b06-4fbb-ac20-a73c325ab12f', 'e0e616d7-9af0-4334-8cfb-e51024979895'),
('464ad64e-8fea-482d-8505-58c60473b2f9', '9f91789f-4309-4ff8-b473-b4a96629c1b8', 'f35d516d-19b6-4028-b7eb-b548f733b96c'),
('4672c5c0-cc39-48cd-89f2-0544ad12bdf9', '60da80b8-a835-42c3-ae91-7230c0f406ef', '53955cae-f776-4bec-9795-510a25fd5c8e'),
('467faf16-c803-4e1e-882d-a281efaf81df', '3324ea95-8e13-4551-a104-dac4c1431938', 'e0e616d7-9af0-4334-8cfb-e51024979895'),
('474eca21-df3b-43ed-b2ed-96ef567659b8', 'c751bce0-a1a3-4de7-aa64-ed6f198ac92d', 'e0e616d7-9af0-4334-8cfb-e51024979895'),
('47889e05-445c-4183-9a48-9f8a966a31b2', 'f9d884fb-359a-4ea5-98b6-7ff143fdaf57', '5d4f09da-35d2-4fa0-8c8e-cfc2dd3efdfa'),
('47ca9d32-51ed-48ea-9f30-c27a4238cd64', 'b47d3fb4-391d-4d60-87ed-beb6a487854b', 'e0e616d7-9af0-4334-8cfb-e51024979895'),
('483c05ae-a929-402d-84c1-9b2090f4cf20', 'e14e196b-7768-4e5f-b2b6-4e16064ec697', 'f35d516d-19b6-4028-b7eb-b548f733b96c'),
('486491fd-6cd0-46b8-8da4-873b41fbf4b4', '147cb40c-7dcf-475b-8952-3488fa792958', '5d4f09da-35d2-4fa0-8c8e-cfc2dd3efdfa'),
('48b462bd-9234-438e-8b98-f8a260f77ab8', 'af2ba71d-7085-4dbf-af39-a915511c0733', 'e0e616d7-9af0-4334-8cfb-e51024979895'),
('495b47e6-ff62-4ade-a700-b2f7b897bbf0', 'b4633f30-6e3e-42bd-bc73-f4b1c0447551', '5d4f09da-35d2-4fa0-8c8e-cfc2dd3efdfa'),
('497c8474-dfde-41f6-bc8e-e9f99be6dcbe', '2510b79c-569a-4357-b27f-a068cf36fdc3', 'f35d516d-19b6-4028-b7eb-b548f733b96c'),
('4bac7542-f18d-460b-ae70-b683fb6eaec7', 'b18a0e1d-5bcc-4da9-852b-f08ef02786a8', 'e0e616d7-9af0-4334-8cfb-e51024979895'),
('4bae7e23-ad47-4cab-86ad-7394eb42c6ac', '48ccc5f8-8a4b-4b0f-b88f-873d08c77f40', 'e0e616d7-9af0-4334-8cfb-e51024979895'),
('4bb5456a-fb12-49dc-b6f8-434169f81d0c', 'c751bce0-a1a3-4de7-aa64-ed6f198ac92d', 'f35d516d-19b6-4028-b7eb-b548f733b96c'),
('4c954495-ff42-4562-9a85-be7943af0492', '147cb40c-7dcf-475b-8952-3488fa792958', 'e0e616d7-9af0-4334-8cfb-e51024979895'),
('4cb438da-6601-49e9-b463-5eda3863028f', 'e7ee284e-2563-4513-82ff-3e9a2bd1ef98', '53955cae-f776-4bec-9795-510a25fd5c8e'),
('4d1a5e7e-31f5-422d-ac1d-c70ccd7f8c46', 'a0db25ab-2882-430a-acc2-2441f819b787', '5d4f09da-35d2-4fa0-8c8e-cfc2dd3efdfa'),
('4d1e4205-1742-40e0-ae8b-1294e8f5e399', '6359f233-e797-4c4e-bf8e-03c099c84ba7', 'f35d516d-19b6-4028-b7eb-b548f733b96c'),
('4e5231a9-57a8-4204-bad8-5e0a86f697b7', '94b7b014-47ae-45f1-a19a-07ceee2a9a10', 'f35d516d-19b6-4028-b7eb-b548f733b96c'),
('4fc18e20-fb6a-479a-a299-a8b362b55424', '6359f233-e797-4c4e-bf8e-03c099c84ba7', '53955cae-f776-4bec-9795-510a25fd5c8e'),
('5035d1d6-9dfa-4460-85a2-41fb0563ff3a', 'deb0a905-3a76-4768-b301-b5bfdbe24d93', 'e0e616d7-9af0-4334-8cfb-e51024979895'),
('5120cc5a-88fd-4d13-8cc6-7b9a1a0198b0', '7764a25a-2fa0-45ea-ae2a-0392a68be319', '5d4f09da-35d2-4fa0-8c8e-cfc2dd3efdfa'),
('52208e12-9532-4c7e-ad24-37227219d1f8', '1e017129-95f0-4cc6-80ac-8721aa9f507c', 'f35d516d-19b6-4028-b7eb-b548f733b96c'),
('5241600c-a3d9-4e35-8be2-9b8e31a10d4f', '128b33dc-a69e-42aa-9108-d024278d83f7', 'f35d516d-19b6-4028-b7eb-b548f733b96c'),
('5248b832-0c0b-4992-ae60-3ff92b227550', 'fad05eac-c351-4c44-a9b7-b6571c2a0d95', '53955cae-f776-4bec-9795-510a25fd5c8e'),
('524feae8-f924-44be-a0ff-9e68a77775d8', '19ec758a-1e95-49ca-84e5-7b8832cf3921', '53955cae-f776-4bec-9795-510a25fd5c8e'),
('52e12219-d32f-42bb-8daa-119d4c67b374', '10cb309f-f598-4fca-84c5-42ade7e486df', 'e0e616d7-9af0-4334-8cfb-e51024979895'),
('55a391bf-bfa4-4b8b-b23d-77e2cd46e1ec', 'ab55754b-ba5a-4d1b-88d1-7b62f0a7101c', 'af6552f9-83b7-4aec-ab82-a33205fc11ef'),
('5610094d-02b2-4192-90c0-fd69ea0feed2', '33eb6b14-99a6-4086-8ca2-5c5b14dfa9e7', 'f35d516d-19b6-4028-b7eb-b548f733b96c'),
('56e9dc7e-503a-443d-88c1-a01ad971e3cd', '86475147-0c2e-4a11-8d3e-815ee99d2e93', 'e0e616d7-9af0-4334-8cfb-e51024979895'),
('56fa0b85-9a4a-4429-9f74-25a7c88a249f', '31cce784-900f-44eb-84ce-a8c99a95b2f6', 'f35d516d-19b6-4028-b7eb-b548f733b96c'),
('57aa73d4-da53-40c2-8294-34d92d2dc5bc', 'e49d42d6-2ce0-4880-8b78-d76a070a9ce2', 'e0e616d7-9af0-4334-8cfb-e51024979895'),
('58deba12-508e-4f36-8d49-47cb43d3054a', '2f53dc82-8e60-4c08-a11b-6f3f32753183', '53955cae-f776-4bec-9795-510a25fd5c8e'),
('5988562e-ca46-40b1-8dbc-36487742c464', '90baeabb-8196-4d00-afdd-86201a19f5b7', 'e0e616d7-9af0-4334-8cfb-e51024979895'),
('5a057696-f21e-4c84-a5c9-f0886bcae6d3', 'b7be9f3c-caf2-43ef-ac0d-719e00294b61', 'e0e616d7-9af0-4334-8cfb-e51024979895'),
('5b031098-5389-4d67-b30e-a49a9213576b', 'eb86e310-a036-44a5-8a52-c09347d1fefc', '53955cae-f776-4bec-9795-510a25fd5c8e'),
('5b5b013c-1a1a-415b-b539-538a884b0c54', '90534257-7209-44a5-a135-0dec64d63add', 'e0e616d7-9af0-4334-8cfb-e51024979895'),
('5bf65b95-6a49-44d9-a54c-9af954546b76', '0923a031-3d71-4e80-bc2e-c02b274a0b36', 'e0e616d7-9af0-4334-8cfb-e51024979895'),
('5cbd58c5-f7ed-4c01-94ad-be776dd5c6b8', '092684ab-487c-4424-8ff3-4d63ded1d172', 'f35d516d-19b6-4028-b7eb-b548f733b96c'),
('5d75051e-d7dd-4c32-98f0-f08de8fbbb7a', '455c841d-0574-4d7e-9395-d5e9ef1ab8a8', 'f35d516d-19b6-4028-b7eb-b548f733b96c'),
('5d7ede6f-f82f-492a-b24f-49c06dcb266b', '1940ff4a-d3c1-4000-b985-8a66c25b7fbb', '5d4f09da-35d2-4fa0-8c8e-cfc2dd3efdfa'),
('5e166bcc-ae68-4b46-b42e-c35423db6710', 'd99353c7-29b9-41c4-be73-84c3dd4ae1c8', '53955cae-f776-4bec-9795-510a25fd5c8e'),
('5e61b523-ca04-4639-b24a-0e2d8430354b', '42c99ce3-c808-4e3c-b57b-fb47874fd754', '5d4f09da-35d2-4fa0-8c8e-cfc2dd3efdfa'),
('5e766485-3be2-4d9b-91c8-9067689ba5c7', '192524f1-d14a-40c7-aa46-3f6345c80682', '5d4f09da-35d2-4fa0-8c8e-cfc2dd3efdfa'),
('5f135117-361d-4441-af85-77bafb1f80e2', '69bd8d04-a24c-4e2a-8780-e3fe72edffd7', 'f35d516d-19b6-4028-b7eb-b548f733b96c'),
('5f68743a-0cff-4ca8-b19d-c0d7296c3a31', '48ccc5f8-8a4b-4b0f-b88f-873d08c77f40', 'f35d516d-19b6-4028-b7eb-b548f733b96c'),
('5fb54845-bd91-4b2b-8218-28ddf87b10ba', 'a38d4d3d-510c-4c52-9f1e-05e75ef161b3', 'f35d516d-19b6-4028-b7eb-b548f733b96c'),
('6016fba8-177e-432a-8c86-f78b86a7004a', 'ff7e1813-7874-492d-a428-2fc56fdddaf9', 'e0e616d7-9af0-4334-8cfb-e51024979895'),
('606f0e5c-ba0c-4cea-ac42-5a4987a8c117', '2a8f5b8f-7d65-465e-98f9-a8ceed9b6d56', 'f35d516d-19b6-4028-b7eb-b548f733b96c'),
('60bc33f9-7b4c-4933-b817-76dba1ee406d', '90baeabb-8196-4d00-afdd-86201a19f5b7', '5d4f09da-35d2-4fa0-8c8e-cfc2dd3efdfa'),
('620abb1e-79ec-4a98-bb5e-e89e27563f62', 'e14e196b-7768-4e5f-b2b6-4e16064ec697', 'e0e616d7-9af0-4334-8cfb-e51024979895'),
('6214b374-822e-439b-b5e6-12305aa10a06', '3324ea95-8e13-4551-a104-dac4c1431938', '5d4f09da-35d2-4fa0-8c8e-cfc2dd3efdfa'),
('6290d07b-c308-4a70-a022-2ce48d5adc92', '67cd6ee1-3303-4536-8abf-e215dbe42871', 'f35d516d-19b6-4028-b7eb-b548f733b96c'),
('632e81c7-997f-43f1-9049-4e4f6c0d2be4', '1e017129-95f0-4cc6-80ac-8721aa9f507c', '5d4f09da-35d2-4fa0-8c8e-cfc2dd3efdfa'),
('6383a57c-2035-47c5-98c7-b513425f054e', '7764a25a-2fa0-45ea-ae2a-0392a68be319', 'e27ecfba-8c67-44ce-a1fd-1a778939591d'),
('63bea877-6eb1-43a3-bdb6-0560ca3080d5', '94b7b014-47ae-45f1-a19a-07ceee2a9a10', 'e0e616d7-9af0-4334-8cfb-e51024979895'),
('64b7d0b2-7ac1-4d31-91e6-d4397757b9dd', '48ccc5f8-8a4b-4b0f-b88f-873d08c77f40', '5d4f09da-35d2-4fa0-8c8e-cfc2dd3efdfa'),
('64d9c077-aa94-43cb-b192-6f00406eb640', '7c7184ad-8bbe-476b-8809-8e2f5b6724ac', 'f35d516d-19b6-4028-b7eb-b548f733b96c'),
('64e7c23b-b8c5-4493-a7ac-3bb2abefdae5', '1652e5f0-c28f-4e8b-8d08-ba08b7707059', 'e0e616d7-9af0-4334-8cfb-e51024979895'),
('64ef01b6-fd8b-4734-a0a3-21ca47ed051e', '86051866-c717-43b5-93a7-5ef29655808e', 'f35d516d-19b6-4028-b7eb-b548f733b96c'),
('65cd4673-e926-40c1-ac50-a2996090de2d', '9f91789f-4309-4ff8-b473-b4a96629c1b8', '5d4f09da-35d2-4fa0-8c8e-cfc2dd3efdfa'),
('65eb1089-850b-4482-96c1-1db15b482fc7', '5a44f5d9-ed29-4d68-b3b0-54276e1febbb', 'f35d516d-19b6-4028-b7eb-b548f733b96c'),
('66642540-bd9d-49ee-8db3-0c0fc5f21045', '286de8ca-908d-49a3-abbc-eee50413a3a4', 'e0e616d7-9af0-4334-8cfb-e51024979895'),
('668168f4-be70-483b-a470-5a89b57aec11', 'b37bfed9-7988-4f9b-b8ea-9dc89dcdb5f2', 'e0e616d7-9af0-4334-8cfb-e51024979895'),
('6691865c-8b90-406b-a9df-5c515d2fe940', '90baeabb-8196-4d00-afdd-86201a19f5b7', 'af6552f9-83b7-4aec-ab82-a33205fc11ef'),
('66c1fafc-eb01-4c22-bc1d-6cb477c2c2ee', '01a13c68-044e-48fe-bab3-b2ae9bbc0e19', '53955cae-f776-4bec-9795-510a25fd5c8e'),
('672aa71d-7cf8-4b48-b28e-f38f37a10482', 'abca01f2-d959-4354-97bd-5695f121a468', 'f35d516d-19b6-4028-b7eb-b548f733b96c'),
('68626704-fa4b-481a-8af5-88b8658bb00f', '192524f1-d14a-40c7-aa46-3f6345c80682', 'f35d516d-19b6-4028-b7eb-b548f733b96c'),
('68a4ee0d-a798-40c8-acd3-67bca125e69a', 'f9d8ba76-3689-4cf7-8a02-094290e2aa4a', 'f35d516d-19b6-4028-b7eb-b548f733b96c'),
('6956cd7c-969c-4e16-9a44-a08a16032093', '0923a031-3d71-4e80-bc2e-c02b274a0b36', 'f35d516d-19b6-4028-b7eb-b548f733b96c'),
('696b6235-b459-49d8-b6b1-e9cb08116592', '67a60b42-aa3c-43b0-a804-a73eb194158c', 'e0e616d7-9af0-4334-8cfb-e51024979895'),
('69b382e6-c6cc-4e03-bc83-f9fee502211a', '6a2d5157-48ed-49b0-87bc-22eef042d3ea', 'f35d516d-19b6-4028-b7eb-b548f733b96c'),
('69bea54a-08dc-475a-aade-e7761220b37c', '128b33dc-a69e-42aa-9108-d024278d83f7', 'e0e616d7-9af0-4334-8cfb-e51024979895'),
('69f11349-187f-4f7c-b62f-fcf112d01631', '22d22167-8fc6-4193-a0d3-0b3a7467f447', 'e0e616d7-9af0-4334-8cfb-e51024979895'),
('6a31f088-c52f-4608-8506-bc726503f4c2', '0da59b0e-b72d-4ff8-9dbc-56a7ef36e296', '5d4f09da-35d2-4fa0-8c8e-cfc2dd3efdfa'),
('6acde042-00a0-4971-8e8c-79f16351d4da', 'd6c4ca60-2b73-43ff-a211-3e09139775ce', 'f35d516d-19b6-4028-b7eb-b548f733b96c'),
('6c09cd87-ce1e-4555-8ff5-031df50abd27', '86475147-0c2e-4a11-8d3e-815ee99d2e93', '5d4f09da-35d2-4fa0-8c8e-cfc2dd3efdfa'),
('6d35a63b-1440-4cbe-8b45-768fea478a1f', '750be377-b3e3-442c-a4eb-83223266d325', 'e0e616d7-9af0-4334-8cfb-e51024979895'),
('6d6e5f48-db7f-4fef-b73a-abf81ee6b385', '6359f233-e797-4c4e-bf8e-03c099c84ba7', '5d4f09da-35d2-4fa0-8c8e-cfc2dd3efdfa'),
('6db85ac5-3e67-4a9c-8166-8fe7444fd014', '324d13b6-20b6-4f54-9618-6dc1a10c80bb', 'f35d516d-19b6-4028-b7eb-b548f733b96c'),
('6ded527f-665e-4cfd-a4d6-45b35eeee54b', '33eb6b14-99a6-4086-8ca2-5c5b14dfa9e7', '53955cae-f776-4bec-9795-510a25fd5c8e'),
('6e1c0121-8d2b-4905-8c90-6e36ddc42717', '42c99ce3-c808-4e3c-b57b-fb47874fd754', 'e0e616d7-9af0-4334-8cfb-e51024979895'),
('6e67ef54-817a-4899-9a5d-aa305c39b775', '77dd8949-ff7a-4d1a-9e9e-f99f6ca5c24f', 'e0e616d7-9af0-4334-8cfb-e51024979895'),
('6f061546-a889-49a5-9165-781241ddf503', '67cd6ee1-3303-4536-8abf-e215dbe42871', 'e0e616d7-9af0-4334-8cfb-e51024979895'),
('700b347a-a4a0-432d-8ff4-8eb6ea7e1b61', 'a42b2ddb-0460-4290-b954-079e60cffaa6', '5d4f09da-35d2-4fa0-8c8e-cfc2dd3efdfa'),
('70564406-aa9c-4be1-84dd-013804c04c69', 'c83fceff-76ce-432f-b1c8-652ca8e24ed2', '5d4f09da-35d2-4fa0-8c8e-cfc2dd3efdfa'),
('709d0d62-4732-4e00-8c87-dc680fb34fd3', '69bd8d04-a24c-4e2a-8780-e3fe72edffd7', '5d4f09da-35d2-4fa0-8c8e-cfc2dd3efdfa'),
('712b5a3a-0b0d-4246-b5d4-97c9d6ce8aeb', 'ec25a87f-ae25-4749-a641-ab98f728ede8', 'f35d516d-19b6-4028-b7eb-b548f733b96c'),
('7133ca84-ca2e-4529-b356-e08b0841c0f3', '477b6a09-2f3a-41c6-bc55-cb44b029cbc4', '5d4f09da-35d2-4fa0-8c8e-cfc2dd3efdfa'),
('74020392-7bbb-4cd1-9c5c-d4ba89850bc8', '425d3e64-78e4-470f-8a46-686daebb77ed', '5d4f09da-35d2-4fa0-8c8e-cfc2dd3efdfa'),
('747ac514-1561-4b06-a3f6-b1d56587ff70', '1bb9a83a-d255-4ddb-aff0-34c581536433', 'f35d516d-19b6-4028-b7eb-b548f733b96c'),
('7524f56e-af67-4123-aef7-3b12edaa96e9', '3ca58420-2ea1-4395-9caa-0dc29ac2dd3e', 'e0e616d7-9af0-4334-8cfb-e51024979895'),
('76de38ba-4d14-4725-af3b-1872d89c0b0c', '203e5d44-684e-4988-b8b1-3e6aa105aec0', 'f35d516d-19b6-4028-b7eb-b548f733b96c'),
('7732c21b-5fb4-4467-b77c-0591f95f13d3', 'd6c4ca60-2b73-43ff-a211-3e09139775ce', '5d4f09da-35d2-4fa0-8c8e-cfc2dd3efdfa'),
('775d0096-7d8c-47fc-b377-7564efb8e3c4', 'f26eee7e-00b8-4891-8134-81b0ad3b0278', 'f35d516d-19b6-4028-b7eb-b548f733b96c'),
('7761ee3b-c9c3-4f21-aa53-8496ac82610b', '48bbaf93-4541-4cef-988a-a8e8fb780fd7', 'f35d516d-19b6-4028-b7eb-b548f733b96c'),
('77813987-ed9a-44c0-acc2-f3d8001c1b12', 'f9d8ba76-3689-4cf7-8a02-094290e2aa4a', 'e0e616d7-9af0-4334-8cfb-e51024979895'),
('77d84ab9-0218-40ca-8778-2d83d33343a3', 'e958d26c-b8be-4571-896e-5076507b5d4b', 'f35d516d-19b6-4028-b7eb-b548f733b96c'),
('78b74d33-4893-41cd-a3ce-e3696a492159', '0a8f714a-d447-4acd-97aa-0dd5644ff5ce', 'e0e616d7-9af0-4334-8cfb-e51024979895'),
('793f15ed-6130-4036-8390-3442ed544b07', 'e7ee284e-2563-4513-82ff-3e9a2bd1ef98', 'f35d516d-19b6-4028-b7eb-b548f733b96c'),
('79723b04-dd60-4e74-a5cc-bb3a940e2af2', '148b0bcd-92ee-4dee-aa95-3f4f842221b8', '5d4f09da-35d2-4fa0-8c8e-cfc2dd3efdfa'),
('7aa0cf9c-7c9e-4d79-b950-f3d7589213b2', '19ec758a-1e95-49ca-84e5-7b8832cf3921', '5d4f09da-35d2-4fa0-8c8e-cfc2dd3efdfa'),
('7aaf20cf-65b8-4ffe-863f-361626b76728', '3fbe4b81-0403-462d-a840-e33621c701be', 'e0e616d7-9af0-4334-8cfb-e51024979895'),
('7ad694fc-6698-4ba5-8f4c-35db06a4bad5', 'ec25a87f-ae25-4749-a641-ab98f728ede8', '5d4f09da-35d2-4fa0-8c8e-cfc2dd3efdfa'),
('7b05a8d1-7630-45d8-9b36-921b44490410', '20875f25-ded2-483c-af72-9a2a897456bb', '5d4f09da-35d2-4fa0-8c8e-cfc2dd3efdfa'),
('7bad2ab1-8e86-429d-80de-32a9f68172b0', '67a60b42-aa3c-43b0-a804-a73eb194158c', 'f35d516d-19b6-4028-b7eb-b548f733b96c'),
('7bee001b-5ad2-4c2f-8c8d-baf05b14e3b6', '494988ff-6301-44c7-8246-ebee9450b413', 'e0e616d7-9af0-4334-8cfb-e51024979895'),
('7bfc936f-f8b1-4934-a1a0-809481867c28', '724c4d81-2a78-4ddf-9139-43fd7ec3cb34', 'f35d516d-19b6-4028-b7eb-b548f733b96c'),
('7cd3a1d3-2fae-40eb-a206-c1956f389e1b', '0da59b0e-b72d-4ff8-9dbc-56a7ef36e296', 'f35d516d-19b6-4028-b7eb-b548f733b96c'),
('7d14d8e1-b972-4884-8685-d34770a46e9b', '3dbc655f-9c40-4ebb-8a4a-11bf828f80c7', 'e0e616d7-9af0-4334-8cfb-e51024979895'),
('7d5042f1-76da-43e0-8e53-71ebe06de238', '885a5196-62a9-4585-8cb3-00c180d8073c', '5d4f09da-35d2-4fa0-8c8e-cfc2dd3efdfa'),
('7d8826f0-dc53-4ca5-b356-2decdc856fa2', '79236ef9-87c4-41a7-aeeb-1446149f0733', 'f35d516d-19b6-4028-b7eb-b548f733b96c'),
('7d916211-43bb-4c5c-9121-d886f60232ff', '8db82443-df3c-4106-b945-26174770e013', 'e0e616d7-9af0-4334-8cfb-e51024979895'),
('7d92e5cf-c320-4701-b09e-8f970a34cc74', '406fec52-cd2e-4286-892f-4ffcfce62750', 'e0e616d7-9af0-4334-8cfb-e51024979895'),
('7da2c66a-9574-46fc-afd4-39572860e578', '33eb6b14-99a6-4086-8ca2-5c5b14dfa9e7', 'e0e616d7-9af0-4334-8cfb-e51024979895'),
('7ddbc24f-5c2d-4339-8c24-eb04265742e0', '40148532-5f4a-49a3-a466-1086bcda5316', '53955cae-f776-4bec-9795-510a25fd5c8e'),
('7de37cd0-bcf9-4843-9280-5405612f36a7', '1bb9a83a-d255-4ddb-aff0-34c581536433', 'e0e616d7-9af0-4334-8cfb-e51024979895'),
('7eab5b41-4fc7-422a-96a1-9eed2f29380c', '55cf134a-31d3-4301-aa5b-f8b47118f2f9', 'e0e616d7-9af0-4334-8cfb-e51024979895'),
('7eb03e50-3ab0-44d9-abdc-ea0d36a321f8', 'e7ee284e-2563-4513-82ff-3e9a2bd1ef98', 'e0e616d7-9af0-4334-8cfb-e51024979895'),
('7ecc1e0f-21af-45f6-9c3e-7103080da478', '93503697-0f56-4f1f-a7eb-8a6dd6f70ce8', '5d4f09da-35d2-4fa0-8c8e-cfc2dd3efdfa'),
('7efcca4a-62f0-414b-b49b-088fac8c8d74', '76e4fcdd-82f5-4298-8f94-5e2a244ff20d', '5d4f09da-35d2-4fa0-8c8e-cfc2dd3efdfa'),
('7f92f23f-6895-4013-a812-d83fe5a0693a', '445cbd76-9c19-428a-9fff-4b9f42454dd2', '5d4f09da-35d2-4fa0-8c8e-cfc2dd3efdfa'),
('8083dc43-5eb0-4b2b-9256-496203838a5d', 'e49d42d6-2ce0-4880-8b78-d76a070a9ce2', '5d4f09da-35d2-4fa0-8c8e-cfc2dd3efdfa'),
('8116fc55-8308-4805-913a-a860cdddcfa0', '40148532-5f4a-49a3-a466-1086bcda5316', 'f35d516d-19b6-4028-b7eb-b548f733b96c'),
('815ed3cf-940d-4535-9a8a-e2d9e5749c6e', '286de8ca-908d-49a3-abbc-eee50413a3a4', '53955cae-f776-4bec-9795-510a25fd5c8e'),
('81739c4a-16d5-451c-8d2e-b3b3e2a57d6a', '0a688b0c-41b0-4577-bb9b-ae03b064ba14', 'f35d516d-19b6-4028-b7eb-b548f733b96c'),
('81e95397-be2c-41cf-9729-791f3d319a6d', 'af2ba71d-7085-4dbf-af39-a915511c0733', '5d4f09da-35d2-4fa0-8c8e-cfc2dd3efdfa'),
('827df908-bd89-420c-9d85-1b379362d9fb', '425d3e64-78e4-470f-8a46-686daebb77ed', 'f35d516d-19b6-4028-b7eb-b548f733b96c'),
('82922357-3ae5-4964-b89f-687e183cceb3', 'ff7e1813-7874-492d-a428-2fc56fdddaf9', 'f35d516d-19b6-4028-b7eb-b548f733b96c'),
('82e8c07e-c240-407f-b715-c59e653c2f66', '76e4fcdd-82f5-4298-8f94-5e2a244ff20d', 'f35d516d-19b6-4028-b7eb-b548f733b96c'),
('82f5278d-ed0b-4b31-946d-57dd386f728c', '7b5da181-f406-4b93-974d-e3fe18a69528', 'f35d516d-19b6-4028-b7eb-b548f733b96c'),
('832efa02-5907-4535-b3b5-586ba00958fb', '81382453-70ae-457d-971b-41384e2edd5b', '53955cae-f776-4bec-9795-510a25fd5c8e'),
('83b65199-ac1f-4b6c-89db-0a42d462d40a', '14fa81ad-134a-47ac-850e-0258c23f4cfd', 'f35d516d-19b6-4028-b7eb-b548f733b96c'),
('83bf8212-7948-408c-a206-5429f3f9c166', 'f04e3068-6a29-4cec-be25-aace655a3bfb', '5d4f09da-35d2-4fa0-8c8e-cfc2dd3efdfa'),
('8409762d-2a04-40b5-8ef2-68883191a371', '60da80b8-a835-42c3-ae91-7230c0f406ef', '5d4f09da-35d2-4fa0-8c8e-cfc2dd3efdfa'),
('8415c1cf-c474-485a-881d-0f34f96d6a61', '0da59b0e-b72d-4ff8-9dbc-56a7ef36e296', 'e0e616d7-9af0-4334-8cfb-e51024979895'),
('84d3d1d5-297f-4122-8355-98789865ee01', '9554f75d-423c-4801-bcf9-6f656c7bf9aa', 'af6552f9-83b7-4aec-ab82-a33205fc11ef'),
('86fb8263-b3c3-4f07-875f-29cc6d0dd77e', 'd99353c7-29b9-41c4-be73-84c3dd4ae1c8', 'e0e616d7-9af0-4334-8cfb-e51024979895'),
('87b24111-60f1-485e-a8a9-941273042b5c', '7b5da181-f406-4b93-974d-e3fe18a69528', '5d4f09da-35d2-4fa0-8c8e-cfc2dd3efdfa'),
('87b79696-a5e6-4a37-97c1-4aff013a1680', '55a1148e-8c63-4fa5-a83d-aa0ab40e4989', '5d4f09da-35d2-4fa0-8c8e-cfc2dd3efdfa'),
('88aa9fbc-0708-4798-b56e-0f8f4ecf450e', '6fa4b43d-f964-4464-a208-0329b2433469', '5d4f09da-35d2-4fa0-8c8e-cfc2dd3efdfa'),
('89c9ba84-f786-4fc4-8cbe-f490ab4c31b9', 'e14e196b-7768-4e5f-b2b6-4e16064ec697', '53955cae-f776-4bec-9795-510a25fd5c8e'),
('89cf6eeb-36e1-4c77-8987-ed5962fa37ce', '494988ff-6301-44c7-8246-ebee9450b413', '5d4f09da-35d2-4fa0-8c8e-cfc2dd3efdfa'),
('8aecf7e6-cc39-417f-b37a-2039a990fcb0', '10cb309f-f598-4fca-84c5-42ade7e486df', 'f35d516d-19b6-4028-b7eb-b548f733b96c'),
('8cc94249-85ca-4e98-8914-fc7a97d8e76a', '69725055-3ace-4038-b66b-81e2beb793b9', '53955cae-f776-4bec-9795-510a25fd5c8e'),
('8cd0e888-3a7c-4e30-9197-90e9eae62109', 'a0db25ab-2882-430a-acc2-2441f819b787', 'f35d516d-19b6-4028-b7eb-b548f733b96c'),
('8d2e68c3-09de-46bf-9d6c-6c344ceff246', 'd67e008c-27a3-45db-83e1-f8e4de9279df', 'e0e616d7-9af0-4334-8cfb-e51024979895'),
('8d4f8c1b-e164-4aed-a96d-ff769febcb84', 'b860c248-0f75-459a-83d5-db04abaa7782', 'e0e616d7-9af0-4334-8cfb-e51024979895'),
('8d8e6718-2ea8-46d6-9127-b2b3bfce374f', '55a1148e-8c63-4fa5-a83d-aa0ab40e4989', 'f35d516d-19b6-4028-b7eb-b548f733b96c'),
('8e40443c-0ad6-4847-86aa-9daba793aeb9', 'f04e3068-6a29-4cec-be25-aace655a3bfb', 'f35d516d-19b6-4028-b7eb-b548f733b96c'),
('8f49c1ff-f010-4c1e-baf7-292e2e32dec2', 'dd3b3971-eeb3-4187-b94d-0bdb61e481db', 'e0e616d7-9af0-4334-8cfb-e51024979895'),
('8fc285dc-64a4-40d8-9194-778087753301', '48bbaf93-4541-4cef-988a-a8e8fb780fd7', 'e0e616d7-9af0-4334-8cfb-e51024979895'),
('9057930c-fc17-4f05-8869-4f6b7145a6a3', 'ef1958ea-d45e-4489-835b-56bbf4d5ae5c', '5d4f09da-35d2-4fa0-8c8e-cfc2dd3efdfa'),
('90c3f435-15b8-4a8b-b273-75aae3d76137', '52a17923-5ff6-4624-9398-ec25f8103427', 'f35d516d-19b6-4028-b7eb-b548f733b96c'),
('91464af9-32d3-4a04-a569-6de513191dfc', '86051866-c717-43b5-93a7-5ef29655808e', 'e0e616d7-9af0-4334-8cfb-e51024979895'),
('91930a09-2b1c-4773-ab92-eaef4e48d63d', '2f53dc82-8e60-4c08-a11b-6f3f32753183', '5d4f09da-35d2-4fa0-8c8e-cfc2dd3efdfa'),
('91b45dc6-1e03-4f39-9d0b-8f65ab3f3b29', '9c7afc04-a95f-4bbc-8122-90aeb38a2c73', '53955cae-f776-4bec-9795-510a25fd5c8e'),
('92fe47a2-6679-47fb-97ea-6c6def801daf', 'b47d3fb4-391d-4d60-87ed-beb6a487854b', 'f35d516d-19b6-4028-b7eb-b548f733b96c'),
('935fbbd0-014b-4417-98f0-f5c19eb5e5c7', '0923a031-3d71-4e80-bc2e-c02b274a0b36', 'a4777292-3790-4529-95c3-200868c8f663'),
('94f9fee9-9925-4f53-8869-93a8720f7226', '9f91789f-4309-4ff8-b473-b4a96629c1b8', 'e0e616d7-9af0-4334-8cfb-e51024979895'),
('955bd76d-33a7-48e5-bf67-1f0adaf046da', '626d3cc6-df9a-4f83-9c55-82b2d246ad64', 'f35d516d-19b6-4028-b7eb-b548f733b96c'),
('95d1d9ed-eddd-461c-9e12-c2c86925bf31', '1688fcc3-0979-4a10-919f-5d698c9790be', 'f35d516d-19b6-4028-b7eb-b548f733b96c'),
('95d3c66a-eaad-4f98-947d-3888b7ce3ad4', '14fa81ad-134a-47ac-850e-0258c23f4cfd', 'e0e616d7-9af0-4334-8cfb-e51024979895'),
('9664caa4-7107-4c89-991c-b0fc98ff449d', '1ebab1e8-8923-4442-9174-c1b4bc507109', '53955cae-f776-4bec-9795-510a25fd5c8e'),
('96f9d85e-48fc-442e-89c1-b17b19556209', '20875f25-ded2-483c-af72-9a2a897456bb', 'e0e616d7-9af0-4334-8cfb-e51024979895'),
('975bb4b4-63e2-4d96-90a8-20ee0c16e601', '14a5b9e6-5546-4c6c-a34f-14af8bf59e5e', '5d4f09da-35d2-4fa0-8c8e-cfc2dd3efdfa'),
('9763e2c2-4100-401b-9ae0-c5ceedbe6d30', 'e2ce7ed8-b463-45a1-a737-95a0bdfa90d3', 'e0e616d7-9af0-4334-8cfb-e51024979895'),
('97833d9a-9a56-43d8-a409-850259e38072', '3dbc655f-9c40-4ebb-8a4a-11bf828f80c7', 'f35d516d-19b6-4028-b7eb-b548f733b96c'),
('98dd8ae4-eaae-48ab-9c18-ee72a0816f29', '750be377-b3e3-442c-a4eb-83223266d325', '5d4f09da-35d2-4fa0-8c8e-cfc2dd3efdfa'),
('993c92c4-defa-4986-9069-612503df0645', 'e958d26c-b8be-4571-896e-5076507b5d4b', 'e0e616d7-9af0-4334-8cfb-e51024979895'),
('9976f909-9036-4e4a-92e0-da70f4c5a75a', '9554f75d-423c-4801-bcf9-6f656c7bf9aa', 'e0e616d7-9af0-4334-8cfb-e51024979895'),
('99a0daf0-8cd9-454b-93e6-2ec315b1b44b', 'e49d42d6-2ce0-4880-8b78-d76a070a9ce2', 'f35d516d-19b6-4028-b7eb-b548f733b96c'),
('9a5a4eab-f59b-4696-995a-f9a28be2d838', 'd6f3324f-322c-4ccd-94cb-a905c4f561e7', 'e0e616d7-9af0-4334-8cfb-e51024979895'),
('9a5edd75-6638-4773-9841-b2a9eddd11ef', '6865a5a6-2631-4904-8422-eb93b5a8889b', 'f35d516d-19b6-4028-b7eb-b548f733b96c'),
('9aa6bd19-e912-4f71-acb6-4dc5fd001246', 'dd3b3971-eeb3-4187-b94d-0bdb61e481db', 'f35d516d-19b6-4028-b7eb-b548f733b96c'),
('9acb650c-d573-48e8-abf4-c466c82247e6', '1652e5f0-c28f-4e8b-8d08-ba08b7707059', 'f35d516d-19b6-4028-b7eb-b548f733b96c'),
('9b4e67dc-0d68-4d4e-88ca-2507939df62f', 'b47d3fb4-391d-4d60-87ed-beb6a487854b', 'e27ecfba-8c67-44ce-a1fd-1a778939591d'),
('9c42b844-6c68-43c3-bf31-ddd885572a0c', '0923a031-3d71-4e80-bc2e-c02b274a0b36', '5d4f09da-35d2-4fa0-8c8e-cfc2dd3efdfa'),
('9c4ace56-00af-47d4-95ff-428acd26289e', '371c4664-e7b4-4492-bdc4-bf1cabc11622', 'e0e616d7-9af0-4334-8cfb-e51024979895'),
('9cc4eed0-ae3d-4240-a312-857e7685164a', '1688fcc3-0979-4a10-919f-5d698c9790be', '5d4f09da-35d2-4fa0-8c8e-cfc2dd3efdfa'),
('9cf3cbc9-0a34-4d87-bd8c-d9fafcbac4bf', '3c941071-76eb-4e8f-93ba-b04bf00353e8', '5d4f09da-35d2-4fa0-8c8e-cfc2dd3efdfa'),
('9e1935d6-a0f1-4459-838f-c3a62a2bc0be', 'b21a6eb3-e517-4cae-a7db-419452486aee', 'f35d516d-19b6-4028-b7eb-b548f733b96c'),
('9e408ce5-6798-482d-a955-c01240ec55cc', '2f53dc82-8e60-4c08-a11b-6f3f32753183', 'f35d516d-19b6-4028-b7eb-b548f733b96c'),
('9ed8aa18-e974-42e4-9f58-22b25c68d1aa', '0d6ca21d-0dd3-45b4-9d77-5f23d5b02acc', 'f35d516d-19b6-4028-b7eb-b548f733b96c'),
('a0153050-ff7b-4ef3-a27f-d8c9b09a945c', '77dd8949-ff7a-4d1a-9e9e-f99f6ca5c24f', 'f35d516d-19b6-4028-b7eb-b548f733b96c'),
('a1b3dbde-7c63-4311-984d-50962f0df1c2', '376432c2-f87b-41e0-99c8-b02ae709d9e1', '5d4f09da-35d2-4fa0-8c8e-cfc2dd3efdfa'),
('a1fc56b7-5775-47af-901a-233fe89b691a', 'e393b3ab-ea00-47ff-b1ea-44bc380d0944', 'f35d516d-19b6-4028-b7eb-b548f733b96c'),
('a1fe2a9d-5981-4776-a1de-74eeaf9755da', '626d3cc6-df9a-4f83-9c55-82b2d246ad64', 'e0e616d7-9af0-4334-8cfb-e51024979895'),
('a2b12cbb-000d-45f8-85af-96cad6025190', '91bcba60-348c-4d95-ab5f-5cfa67548fa4', 'e0e616d7-9af0-4334-8cfb-e51024979895'),
('a2c73838-f5e9-4cb8-a5ce-903eea785bd3', 'bffcc88f-2582-4480-af00-da85e21ed176', 'a2c7d03f-acde-4e60-ac5a-b8e1f128a32c'),
('a2d5a805-1ff1-4eea-8c25-c1865abe33d0', '0a8f714a-d447-4acd-97aa-0dd5644ff5ce', '5d4f09da-35d2-4fa0-8c8e-cfc2dd3efdfa'),
('a4e06086-f106-4693-b25d-07038923db60', 'b7be9f3c-caf2-43ef-ac0d-719e00294b61', '5d4f09da-35d2-4fa0-8c8e-cfc2dd3efdfa'),
('a504a9c4-550e-4c0e-89c9-6e129ea5f666', 'abca01f2-d959-4354-97bd-5695f121a468', 'a2c7d03f-acde-4e60-ac5a-b8e1f128a32c'),
('a5438511-2c2f-44d1-befe-c725fb1e9ad5', '20875f25-ded2-483c-af72-9a2a897456bb', '53955cae-f776-4bec-9795-510a25fd5c8e'),
('a59243a3-5dc2-4a04-b8e8-c54bde045172', '86475147-0c2e-4a11-8d3e-815ee99d2e93', 'f35d516d-19b6-4028-b7eb-b548f733b96c'),
('a5ca0af6-edc5-41eb-ab5a-df544ca94976', 'e958d26c-b8be-4571-896e-5076507b5d4b', '5d4f09da-35d2-4fa0-8c8e-cfc2dd3efdfa'),
('a5fc7eac-77a4-4aed-8db7-86b86b130afa', '5152f3af-d1ee-4d42-9a95-746d3266b2cf', 'f35d516d-19b6-4028-b7eb-b548f733b96c'),
('a61788b4-bd65-4611-a987-dc8cec0302b1', '324d13b6-20b6-4f54-9618-6dc1a10c80bb', 'e0e616d7-9af0-4334-8cfb-e51024979895'),
('a61dea21-3c7b-4d40-8bd5-c6e913474fb7', 'b37bfed9-7988-4f9b-b8ea-9dc89dcdb5f2', '5d4f09da-35d2-4fa0-8c8e-cfc2dd3efdfa'),
('a72c8a60-c1ee-4aa2-9340-fa873ee33bf0', '092684ab-487c-4424-8ff3-4d63ded1d172', 'e0e616d7-9af0-4334-8cfb-e51024979895'),
('a7548c47-1bab-4d5a-9dc9-44d8b27b97bd', '6bd7b714-bb6c-41ac-b3d6-f6117983cbdc', 'e0e616d7-9af0-4334-8cfb-e51024979895'),
('a77c8641-6f9a-4899-b525-7f78c3605b00', '0a688b0c-41b0-4577-bb9b-ae03b064ba14', '5d4f09da-35d2-4fa0-8c8e-cfc2dd3efdfa'),
('a7c379ff-8868-4eff-8e5e-4f014e159060', '9d790e78-edb5-4f69-982d-4decc89e3afe', 'f35d516d-19b6-4028-b7eb-b548f733b96c'),
('a7c90645-5eb6-4d2a-94c6-9de922bc33e2', '90c05753-8bb7-444a-a2e7-e6e5e3c8fd10', '5d4f09da-35d2-4fa0-8c8e-cfc2dd3efdfa'),
('a7cffc24-f030-40e2-8584-2551e7308bc5', '0d6ca21d-0dd3-45b4-9d77-5f23d5b02acc', '5d4f09da-35d2-4fa0-8c8e-cfc2dd3efdfa'),
('a8933555-1b27-4f8b-9fbc-f13675a1f401', 'dd3b3971-eeb3-4187-b94d-0bdb61e481db', '5d4f09da-35d2-4fa0-8c8e-cfc2dd3efdfa'),
('a8b84b56-cdb9-4557-9bff-bf630267dd7b', 'b7be9f3c-caf2-43ef-ac0d-719e00294b61', '53955cae-f776-4bec-9795-510a25fd5c8e'),
('a8df534d-6c4f-422f-9c07-a88a93a8f8d6', 'bc3d7e54-b10a-4218-871d-1b668eed718c', 'f35d516d-19b6-4028-b7eb-b548f733b96c'),
('a94d6d0d-5a56-4417-8809-d14d4d182e8f', 'ff7e1813-7874-492d-a428-2fc56fdddaf9', '5d4f09da-35d2-4fa0-8c8e-cfc2dd3efdfa'),
('a96f6858-0ef8-4c11-89bd-421f93b2b090', 'f04e3068-6a29-4cec-be25-aace655a3bfb', 'e0e616d7-9af0-4334-8cfb-e51024979895'),
('aa2806f5-e25c-49a7-9afd-81697a79368d', '31cce784-900f-44eb-84ce-a8c99a95b2f6', 'e0e616d7-9af0-4334-8cfb-e51024979895'),
('aa627c59-284b-4315-b92e-3c633a252537', '442fce15-673b-4e2a-9397-ac22234079c2', 'e0e616d7-9af0-4334-8cfb-e51024979895'),
('aa8f0063-f814-400d-9bb5-1999ccf39de6', 'c5bba499-6af0-4505-a4a3-2d4b2ddd4ff5', 'f35d516d-19b6-4028-b7eb-b548f733b96c'),
('aa920eb5-1863-420f-ae82-11c563187149', '1688fcc3-0979-4a10-919f-5d698c9790be', 'e0e616d7-9af0-4334-8cfb-e51024979895'),
('aab0b8d0-ed2e-4c8e-87d2-b2755f3ce768', '55a1148e-8c63-4fa5-a83d-aa0ab40e4989', 'e0e616d7-9af0-4334-8cfb-e51024979895'),
('ac34c8ac-6a28-4fef-b5bb-cbb94a34d60c', 'ec25a87f-ae25-4749-a641-ab98f728ede8', 'e0e616d7-9af0-4334-8cfb-e51024979895'),
('ac5ab3b8-5ae8-4d1a-b0a9-325a2d92e652', '5a97cbba-3149-4b42-abd8-722d2c518a4f', 'f35d516d-19b6-4028-b7eb-b548f733b96c'),
('ac912ac8-bc07-4ff3-9027-3e63fdeb71a2', 'b21a6eb3-e517-4cae-a7db-419452486aee', '5d4f09da-35d2-4fa0-8c8e-cfc2dd3efdfa'),
('acac7a7a-5c0a-4e40-971c-5f6b25b9b017', 'ebb71c75-9b06-4fbb-ac20-a73c325ab12f', 'f35d516d-19b6-4028-b7eb-b548f733b96c'),
('ace7389e-c4ea-4912-8f5a-c37cae8f93d8', '885a5196-62a9-4585-8cb3-00c180d8073c', 'f35d516d-19b6-4028-b7eb-b548f733b96c'),
('acf0ddab-b4cc-4ccd-baef-986fa708ca11', '40148532-5f4a-49a3-a466-1086bcda5316', 'e0e616d7-9af0-4334-8cfb-e51024979895'),
('ad7da3a9-ad9f-4871-a84b-e89f81c4aaad', '66ffe62c-23b9-42f0-94e7-f81624187c25', '5d4f09da-35d2-4fa0-8c8e-cfc2dd3efdfa'),
('ae1374f2-fc14-4baf-821b-21bb136ab78f', 'afbb2919-baaa-4d15-a5c2-f80d8c24c015', '5d4f09da-35d2-4fa0-8c8e-cfc2dd3efdfa'),
('af152adf-ee36-4ff6-ae6c-fc5561746c90', 'c5bba499-6af0-4505-a4a3-2d4b2ddd4ff5', '5d4f09da-35d2-4fa0-8c8e-cfc2dd3efdfa'),
('af20b6df-5d43-4d70-9368-58ff77761c4b', '86051866-c717-43b5-93a7-5ef29655808e', '5d4f09da-35d2-4fa0-8c8e-cfc2dd3efdfa'),
('af572c8d-0eae-49e8-92be-780abafdcc58', '973688d6-8868-4700-82af-e55c6ae7cc03', 'e0e616d7-9af0-4334-8cfb-e51024979895'),
('b1a63b33-12fe-4969-b91a-4536552f6914', '93503697-0f56-4f1f-a7eb-8a6dd6f70ce8', 'e0e616d7-9af0-4334-8cfb-e51024979895'),
('b1e5cce9-c73a-4c7e-a434-aea6914db9eb', 'f958ce0e-4572-4fb8-8930-d87af93b81a4', '5d4f09da-35d2-4fa0-8c8e-cfc2dd3efdfa'),
('b212ae32-81da-44d4-8129-df3f549b45ce', '5a97cbba-3149-4b42-abd8-722d2c518a4f', '5d4f09da-35d2-4fa0-8c8e-cfc2dd3efdfa'),
('b2344815-abb7-4907-aa70-302309db0d7d', 'bffcc88f-2582-4480-af00-da85e21ed176', 'f35d516d-19b6-4028-b7eb-b548f733b96c'),
('b2984d5f-7553-445e-bf55-ebd29e32eb89', '50f9f2ee-bd92-405b-bde0-6fa4a47cc05b', 'f35d516d-19b6-4028-b7eb-b548f733b96c'),
('b433ec6d-6aed-4820-a641-ae51bded10f1', 'f9d884fb-359a-4ea5-98b6-7ff143fdaf57', 'f35d516d-19b6-4028-b7eb-b548f733b96c'),
('b43c7623-c6eb-452b-8667-87795c0efc2e', 'b29a7573-6fa3-43fb-9e65-ec67ed11b408', 'f35d516d-19b6-4028-b7eb-b548f733b96c'),
('b4a3edac-eaba-465d-b530-4388cefbb82b', 'ba2a7d8c-b280-4c6e-8dde-a5495ca30d7e', 'f35d516d-19b6-4028-b7eb-b548f733b96c'),
('b4d6b237-cd5c-4a43-8ab8-d3b7f88e8a64', '9e429955-87b6-4ab5-8d1a-cd699d36722a', 'e0e616d7-9af0-4334-8cfb-e51024979895'),
('b5120841-5a38-4169-b93c-5c2c2b68bf20', '089b1537-3330-413c-8ef0-ae6ff25f7a41', '5d4f09da-35d2-4fa0-8c8e-cfc2dd3efdfa'),
('b526e91e-797c-4e2b-b775-9d39a595d595', '8171418b-ba96-4d76-90d8-2acfe27a4af5', 'f35d516d-19b6-4028-b7eb-b548f733b96c'),
('b5991891-4aa3-4f42-bcee-5511ab94d9ab', '724c4d81-2a78-4ddf-9139-43fd7ec3cb34', 'ae4c1d2e-f515-44cd-acfb-401bb6ef6139'),
('b66d8b15-e0fd-436e-8b0b-890a8776b5af', 'ba2a7d8c-b280-4c6e-8dde-a5495ca30d7e', 'e0e616d7-9af0-4334-8cfb-e51024979895'),
('b69b4338-080d-4dfa-8caf-9f5c88c3a266', 'ec25a87f-ae25-4749-a641-ab98f728ede8', '8cdd7d81-3272-4808-9593-e9a05f1ece18'),
('b6c7bcf1-661e-4ab3-ab5f-f19f8b07affb', '9554f75d-423c-4801-bcf9-6f656c7bf9aa', '53955cae-f776-4bec-9795-510a25fd5c8e'),
('b6d42a35-b907-4428-a82d-880d76263a4b', '67a60b42-aa3c-43b0-a804-a73eb194158c', '5d4f09da-35d2-4fa0-8c8e-cfc2dd3efdfa'),
('b76ff30c-7ce6-446a-9a66-7e64e9a1203d', '494988ff-6301-44c7-8246-ebee9450b413', 'f35d516d-19b6-4028-b7eb-b548f733b96c'),
('b7b60682-1d24-43f6-871e-59ffe72a5226', '79236ef9-87c4-41a7-aeeb-1446149f0733', '5d4f09da-35d2-4fa0-8c8e-cfc2dd3efdfa'),
('b7fec3c4-6da4-4954-827e-9ac617b80b4b', 'abb73cf3-c97c-4ea0-8c99-8518c27486ea', '5d4f09da-35d2-4fa0-8c8e-cfc2dd3efdfa'),
('b804b308-dee5-4d6a-bab8-7d3b5955f91e', 'a0db25ab-2882-430a-acc2-2441f819b787', '53955cae-f776-4bec-9795-510a25fd5c8e'),
('b92dd6f6-bff9-44cb-b6c2-25bce06b9f6a', '14a5b9e6-5546-4c6c-a34f-14af8bf59e5e', 'f35d516d-19b6-4028-b7eb-b548f733b96c'),
('ba46201f-28c7-43b4-988d-4f0031f14d72', '455c841d-0574-4d7e-9395-d5e9ef1ab8a8', 'e0e616d7-9af0-4334-8cfb-e51024979895'),
('ba7ce03b-324b-4185-ad44-ddf5a9e4ca18', '29c822de-3398-408a-b012-39045904b995', 'f35d516d-19b6-4028-b7eb-b548f733b96c'),
('ba98bd67-8871-4f39-b721-08bc8d69a36e', '724c4d81-2a78-4ddf-9139-43fd7ec3cb34', '5d4f09da-35d2-4fa0-8c8e-cfc2dd3efdfa'),
('ba9ba4d4-6c79-40f4-8977-c30efb1ed801', 'bf61a079-1664-41c2-ab5f-b7f847946319', 'e0e616d7-9af0-4334-8cfb-e51024979895'),
('baed72db-aec7-4088-b877-efc185a9b60a', '406fec52-cd2e-4286-892f-4ffcfce62750', 'af6552f9-83b7-4aec-ab82-a33205fc11ef'),
('baf5d779-ac40-4819-8e2e-197de6bb6e1d', '22d22167-8fc6-4193-a0d3-0b3a7467f447', '5d4f09da-35d2-4fa0-8c8e-cfc2dd3efdfa'),
('bb0a134b-3d89-4eed-a2fa-929a641081cf', '371c4664-e7b4-4492-bdc4-bf1cabc11622', 'f35d516d-19b6-4028-b7eb-b548f733b96c'),
('bc0e4eb2-a64c-42d4-8a94-4e7465934e44', '1ebab1e8-8923-4442-9174-c1b4bc507109', 'e0e616d7-9af0-4334-8cfb-e51024979895'),
('bc9b60d4-abc0-4558-bcd4-e70896c5fd58', '7764a25a-2fa0-45ea-ae2a-0392a68be319', 'e0e616d7-9af0-4334-8cfb-e51024979895'),
('bcbe5fa6-e931-47a4-8cc7-3b63693aecc2', 'f9d884fb-359a-4ea5-98b6-7ff143fdaf57', 'e0e616d7-9af0-4334-8cfb-e51024979895'),
('bcfc5dbd-fe05-4eb2-9642-57e33f7d0462', 'ba20790c-57c5-46d5-81e1-76a57e0a0106', 'e0e616d7-9af0-4334-8cfb-e51024979895'),
('bd531309-818a-4cbb-9696-ab05d4ede5d4', 'aaa96225-c0a8-46df-b2c1-2ab1b5c9afd4', 'f35d516d-19b6-4028-b7eb-b548f733b96c'),
('bd5aad64-ac8d-41ea-8695-fa90fb0701d6', '3b68076f-7b22-4cc0-921a-e25c76514327', '5d4f09da-35d2-4fa0-8c8e-cfc2dd3efdfa'),
('bdf8c04d-2d4c-43f2-a62e-25e1368186bd', '6a2d5157-48ed-49b0-87bc-22eef042d3ea', '5d4f09da-35d2-4fa0-8c8e-cfc2dd3efdfa'),
('bebe1418-0986-4843-96bf-8a5502fa391a', '50951a6b-a3a8-42ee-bcf5-586b8f35805c', 'f35d516d-19b6-4028-b7eb-b548f733b96c'),
('bef77d05-c151-4043-985d-54be98dd739a', 'eb86e310-a036-44a5-8a52-c09347d1fefc', '5d4f09da-35d2-4fa0-8c8e-cfc2dd3efdfa'),
('bf378ee7-98af-44a7-96d2-841af085b639', 'aaa96225-c0a8-46df-b2c1-2ab1b5c9afd4', '5d4f09da-35d2-4fa0-8c8e-cfc2dd3efdfa'),
('bfa0c959-a9cd-4ef2-851b-6b1a52add31f', '4c548fe5-e5e7-4751-9441-164223ed56c4', '5d4f09da-35d2-4fa0-8c8e-cfc2dd3efdfa'),
('c02e2a95-7945-4dfc-8948-81c5057eccf1', '973688d6-8868-4700-82af-e55c6ae7cc03', 'f35d516d-19b6-4028-b7eb-b548f733b96c'),
('c0472fbe-a9ae-4e25-a851-0cb10e49df5a', 'd1789fe0-c3a4-41ab-b076-1497fd672c5b', 'f35d516d-19b6-4028-b7eb-b548f733b96c'),
('c1043c92-76a4-4b53-ba71-f44bc912e7d3', '01a13c68-044e-48fe-bab3-b2ae9bbc0e19', 'f35d516d-19b6-4028-b7eb-b548f733b96c'),
('c10d19f7-fb25-464a-addf-7e40578c8da7', '0d6ca21d-0dd3-45b4-9d77-5f23d5b02acc', '53955cae-f776-4bec-9795-510a25fd5c8e'),
('c35cb2fd-168f-4458-a83a-d3104232c733', '1652e5f0-c28f-4e8b-8d08-ba08b7707059', '5d4f09da-35d2-4fa0-8c8e-cfc2dd3efdfa'),
('c3788367-8c7c-44e0-a2a5-f7535b727fb5', '376432c2-f87b-41e0-99c8-b02ae709d9e1', 'e0e616d7-9af0-4334-8cfb-e51024979895'),
('c44d7e16-0d5e-4bb8-95ae-f936f524b308', '52a17923-5ff6-4624-9398-ec25f8103427', 'e0e616d7-9af0-4334-8cfb-e51024979895'),
('c4a3dea0-b3e6-4ace-806b-50ef9518ede4', '376432c2-f87b-41e0-99c8-b02ae709d9e1', '53955cae-f776-4bec-9795-510a25fd5c8e'),
('c4a5cf95-110d-4d95-93ae-27ca4214e194', '147cb40c-7dcf-475b-8952-3488fa792958', 'f35d516d-19b6-4028-b7eb-b548f733b96c'),
('c4c0b37a-c4b4-49f4-a713-34e38a578780', 'c002f257-119d-449c-9f86-6be1e5383555', '5d4f09da-35d2-4fa0-8c8e-cfc2dd3efdfa'),
('c5001547-80b8-489d-8ad0-f9e16214fdbf', '4ea69565-a33f-4fd8-b66f-531756d7a046', 'f35d516d-19b6-4028-b7eb-b548f733b96c'),
('c54372c3-3ae4-4b23-9992-dcf9f7394c78', 'd0becff5-5d62-47bc-854b-c5e6e4ffe51e', '5d4f09da-35d2-4fa0-8c8e-cfc2dd3efdfa'),
('c586a809-d4e7-4e4e-b49f-ca6a04faaa1e', 'bf61a079-1664-41c2-ab5f-b7f847946319', 'f35d516d-19b6-4028-b7eb-b548f733b96c'),
('c5d9e482-b0a2-495d-bdeb-973894831bfd', '6fa4b43d-f964-4464-a208-0329b2433469', '53955cae-f776-4bec-9795-510a25fd5c8e'),
('c66eb4cd-8a73-4846-a602-064dc1664055', '9e429955-87b6-4ab5-8d1a-cd699d36722a', '53955cae-f776-4bec-9795-510a25fd5c8e');
INSERT INTO `tb_jaminansewa` (`id`, `idSewa`, `idJaminan`) VALUES
('c71e90af-a8ee-42e6-8705-c18bf011e2f1', 'b860c248-0f75-459a-83d5-db04abaa7782', 'af6552f9-83b7-4aec-ab82-a33205fc11ef'),
('c77b3407-a48b-4c6a-89b8-06bdb8dc170a', '2510b79c-569a-4357-b27f-a068cf36fdc3', 'e0e616d7-9af0-4334-8cfb-e51024979895'),
('c80dd69b-119b-421b-9d5f-49aac6ce7c18', '324d13b6-20b6-4f54-9618-6dc1a10c80bb', '5d4f09da-35d2-4fa0-8c8e-cfc2dd3efdfa'),
('c8694f15-043c-41a7-8897-3574b13109b7', '1940ff4a-d3c1-4000-b985-8a66c25b7fbb', 'e0e616d7-9af0-4334-8cfb-e51024979895'),
('c8b9bb66-2766-4618-b944-81a18ad21322', '7349e530-34e7-4c72-b99c-ac1f3e7d3c62', 'f35d516d-19b6-4028-b7eb-b548f733b96c'),
('c8d67cf2-79de-492d-9ad7-b570e3411ae1', '442fce15-673b-4e2a-9397-ac22234079c2', 'f35d516d-19b6-4028-b7eb-b548f733b96c'),
('c8d8ac39-4e05-4b4f-92fc-60ade48a797b', '81382453-70ae-457d-971b-41384e2edd5b', 'f35d516d-19b6-4028-b7eb-b548f733b96c'),
('c910ec08-e4fa-4521-b76f-90935f6bb7c7', '445cbd76-9c19-428a-9fff-4b9f42454dd2', '53955cae-f776-4bec-9795-510a25fd5c8e'),
('c9910bed-2130-40c5-bb54-aa5fa1290544', '885a5196-62a9-4585-8cb3-00c180d8073c', 'e0e616d7-9af0-4334-8cfb-e51024979895'),
('c9edfc1a-0b6d-4864-8f11-aa6ead337e5d', '6a2d5157-48ed-49b0-87bc-22eef042d3ea', 'e0e616d7-9af0-4334-8cfb-e51024979895'),
('caccafeb-e8e7-40d5-a71b-fcd19c1c4168', '48bbaf93-4541-4cef-988a-a8e8fb780fd7', '5d4f09da-35d2-4fa0-8c8e-cfc2dd3efdfa'),
('cbf98fb8-32cb-482d-9c5b-684d3ef88b17', '192524f1-d14a-40c7-aa46-3f6345c80682', 'e0e616d7-9af0-4334-8cfb-e51024979895'),
('cc7c0ae7-3eb5-4688-90fb-4dee55b1db6d', '33eb6b14-99a6-4086-8ca2-5c5b14dfa9e7', '8cdd7d81-3272-4808-9593-e9a05f1ece18'),
('ccc85acb-a953-4a38-b8ee-dbc3d96f1b6a', 'c002f257-119d-449c-9f86-6be1e5383555', 'f35d516d-19b6-4028-b7eb-b548f733b96c'),
('cddeb3c4-1ab7-47c6-98fc-67876e5f32ee', 'f4bea144-289c-4816-85bc-dcf81076cd33', 'f35d516d-19b6-4028-b7eb-b548f733b96c'),
('ce7c3277-6747-4ccb-8b9c-d6627e59d02c', 'f26eee7e-00b8-4891-8134-81b0ad3b0278', '5d4f09da-35d2-4fa0-8c8e-cfc2dd3efdfa'),
('cef09a92-df26-401a-a840-f15d380461ab', '77dd8949-ff7a-4d1a-9e9e-f99f6ca5c24f', 'e27ecfba-8c67-44ce-a1fd-1a778939591d'),
('cefc46a3-88df-40f8-a51c-11857f990b9e', 'f4bea144-289c-4816-85bc-dcf81076cd33', 'e0e616d7-9af0-4334-8cfb-e51024979895'),
('d014488d-8913-46da-9f45-5fcf191c97f7', '84344783-6050-4311-9d3c-ace5876712a4', 'f35d516d-19b6-4028-b7eb-b548f733b96c'),
('d10d13fc-6ca7-4aa5-a97b-3b113469c3f5', 'c83fceff-76ce-432f-b1c8-652ca8e24ed2', 'f35d516d-19b6-4028-b7eb-b548f733b96c'),
('d1828105-a3f7-4d07-9d7e-a2b562fdaa07', '66ffe62c-23b9-42f0-94e7-f81624187c25', 'e0e616d7-9af0-4334-8cfb-e51024979895'),
('d1b243ec-5518-4976-be9c-3e6a64e8c1ad', '1490f1ba-2599-4e39-9b5c-599635230f99', 'e0e616d7-9af0-4334-8cfb-e51024979895'),
('d3012c99-fc5a-4ce3-944e-037f120e620c', '286de8ca-908d-49a3-abbc-eee50413a3a4', 'f35d516d-19b6-4028-b7eb-b548f733b96c'),
('d3045901-8d6c-4e84-8a95-86c7d4bd8fcd', '6865a5a6-2631-4904-8422-eb93b5a8889b', 'e0e616d7-9af0-4334-8cfb-e51024979895'),
('d456549e-2841-48e3-87b6-b45868c43c9c', 'abb73cf3-c97c-4ea0-8c99-8518c27486ea', 'e0e616d7-9af0-4334-8cfb-e51024979895'),
('d5588455-36cb-488a-98a9-0cc49a66882f', 'a38d4d3d-510c-4c52-9f1e-05e75ef161b3', '5d4f09da-35d2-4fa0-8c8e-cfc2dd3efdfa'),
('d5733b63-42f5-4287-8d8d-528a802a3566', '442fce15-673b-4e2a-9397-ac22234079c2', '5d4f09da-35d2-4fa0-8c8e-cfc2dd3efdfa'),
('d5a246fe-4bab-439d-9f91-f94b50069739', '96c71392-506f-475d-893d-a19d20c701c5', '5d4f09da-35d2-4fa0-8c8e-cfc2dd3efdfa'),
('d648e315-b090-4e81-87ae-ea6e10436160', '79236ef9-87c4-41a7-aeeb-1446149f0733', 'e0e616d7-9af0-4334-8cfb-e51024979895'),
('d6ce9932-28d4-46fa-9c93-1a004aeae2ec', '203e5d44-684e-4988-b8b1-3e6aa105aec0', 'e0e616d7-9af0-4334-8cfb-e51024979895'),
('d768494a-4b96-4ec1-87ce-2b1ded63cba9', '69725055-3ace-4038-b66b-81e2beb793b9', 'f35d516d-19b6-4028-b7eb-b548f733b96c'),
('d7e3b8c1-6d42-458f-ab46-818315922b2b', '50951a6b-a3a8-42ee-bcf5-586b8f35805c', '5d4f09da-35d2-4fa0-8c8e-cfc2dd3efdfa'),
('d7fe719c-67e5-43f9-8103-314b29334d6b', '8171418b-ba96-4d76-90d8-2acfe27a4af5', '5d4f09da-35d2-4fa0-8c8e-cfc2dd3efdfa'),
('d8205f60-fa6e-4995-8d83-0d4f77663511', '4ea69565-a33f-4fd8-b66f-531756d7a046', '5d4f09da-35d2-4fa0-8c8e-cfc2dd3efdfa'),
('da2708e7-0b40-4f58-9ffd-29ec1965d5b6', '2510b79c-569a-4357-b27f-a068cf36fdc3', '5d4f09da-35d2-4fa0-8c8e-cfc2dd3efdfa'),
('db5cef72-dd4e-4f70-8f96-ee166100c624', 'a42b2ddb-0460-4290-b954-079e60cffaa6', 'e0e616d7-9af0-4334-8cfb-e51024979895'),
('db6414a7-c2c2-4dff-aea5-0b686a511769', '8aa730ca-7343-4be1-9adb-cd735431551a', 'e0e616d7-9af0-4334-8cfb-e51024979895'),
('db8b7fa0-87cb-4d0c-9f16-42e6cd6d2a9c', 'a336d99a-0da6-4291-82c2-6a9c69ba743f', 'f35d516d-19b6-4028-b7eb-b548f733b96c'),
('dbbcb872-69c1-4697-8505-0ac80d71f8cd', '49f849df-b397-4629-bfce-70008854479e', '5d4f09da-35d2-4fa0-8c8e-cfc2dd3efdfa'),
('dc37a548-c5fc-4635-bebb-c7fdc0beaeef', '79236ef9-87c4-41a7-aeeb-1446149f0733', '53955cae-f776-4bec-9795-510a25fd5c8e'),
('dc42c399-638e-4bc5-b448-390b494f9765', 'e7ee284e-2563-4513-82ff-3e9a2bd1ef98', '5d4f09da-35d2-4fa0-8c8e-cfc2dd3efdfa'),
('ddcd13e5-0cc9-4e2c-b063-03ffa2a68dc5', 'e2ce7ed8-b463-45a1-a737-95a0bdfa90d3', '5d4f09da-35d2-4fa0-8c8e-cfc2dd3efdfa'),
('dec2ecea-b6d9-46c1-adfe-1f452a876816', 'fad05eac-c351-4c44-a9b7-b6571c2a0d95', 'f35d516d-19b6-4028-b7eb-b548f733b96c'),
('dedfffb5-9d7d-4414-9f73-10e329745d5a', '96c71392-506f-475d-893d-a19d20c701c5', 'e0e616d7-9af0-4334-8cfb-e51024979895'),
('deebb62b-bc9a-40e5-9499-b5960cd3cc4d', '406fec52-cd2e-4286-892f-4ffcfce62750', '5d4f09da-35d2-4fa0-8c8e-cfc2dd3efdfa'),
('dfd8e08f-6db0-44e6-ae6a-fe3ad05d0bae', '494988ff-6301-44c7-8246-ebee9450b413', 'e27ecfba-8c67-44ce-a1fd-1a778939591d'),
('e0a704e7-d409-489d-8426-a2b325856fff', '3fbe4b81-0403-462d-a840-e33621c701be', 'f35d516d-19b6-4028-b7eb-b548f733b96c'),
('e0b2be91-a2b6-47a6-ae4a-790ea1f5add2', '81382453-70ae-457d-971b-41384e2edd5b', '5d4f09da-35d2-4fa0-8c8e-cfc2dd3efdfa'),
('e1fdd776-6c4c-491c-93bb-01fcfffe0db0', '089b1537-3330-413c-8ef0-ae6ff25f7a41', 'f35d516d-19b6-4028-b7eb-b548f733b96c'),
('e22e73d1-7637-44f8-b458-ac05018f0745', 'b4633f30-6e3e-42bd-bc73-f4b1c0447551', 'e0e616d7-9af0-4334-8cfb-e51024979895'),
('e269c55d-3264-4c77-8c5a-bab6644fe2da', '6bd7b714-bb6c-41ac-b3d6-f6117983cbdc', '5d4f09da-35d2-4fa0-8c8e-cfc2dd3efdfa'),
('e28c55d3-6a1c-4bb7-8a3f-7b7f1da1a8a3', 'd23e3ddd-bc4d-425b-85c0-16dfaa036526', 'd1465dea-b3b4-40cd-b547-31f2ba35689d'),
('e302c44c-4b54-4a97-aeeb-c4bff4ac4e05', 'b21a6eb3-e517-4cae-a7db-419452486aee', 'e0e616d7-9af0-4334-8cfb-e51024979895'),
('e3924693-8c62-4623-9253-8b15d87f398a', 'b29a7573-6fa3-43fb-9e65-ec67ed11b408', 'e0e616d7-9af0-4334-8cfb-e51024979895'),
('e48f47ff-8ed3-4515-ab5e-404ebd34e95b', '885a5196-62a9-4585-8cb3-00c180d8073c', '53955cae-f776-4bec-9795-510a25fd5c8e'),
('e4a8969f-af1e-4822-affa-d41193d4edaf', '8db82443-df3c-4106-b945-26174770e013', 'f35d516d-19b6-4028-b7eb-b548f733b96c'),
('e5222109-0d35-488f-9471-30f1f00cce45', '815254ba-22f9-4999-8c9a-94a004586058', 'f35d516d-19b6-4028-b7eb-b548f733b96c'),
('e5e0308b-2f81-4398-8519-f2895f5b187f', '84344783-6050-4311-9d3c-ace5876712a4', 'e0e616d7-9af0-4334-8cfb-e51024979895'),
('e5f874e8-6c77-42c1-b927-49088be3ccb0', '1aa674fb-0969-47c3-b5e2-08322d31ac29', 'e0e616d7-9af0-4334-8cfb-e51024979895'),
('e696069c-1cb0-4848-8ece-d4365f7a033c', '5a44f5d9-ed29-4d68-b3b0-54276e1febbb', '5d4f09da-35d2-4fa0-8c8e-cfc2dd3efdfa'),
('e6d57aea-b0a2-4d2e-9559-4422a3b97ded', '8db82443-df3c-4106-b945-26174770e013', '5d4f09da-35d2-4fa0-8c8e-cfc2dd3efdfa'),
('e6dcbff3-45d1-49e2-90f1-0b6ca426b834', '5e537228-433e-4380-8c64-1c595c2022ad', '53955cae-f776-4bec-9795-510a25fd5c8e'),
('e8c3c345-f3a2-4ba1-b1a1-92ebf8fb3460', 'a0db25ab-2882-430a-acc2-2441f819b787', 'e0e616d7-9af0-4334-8cfb-e51024979895'),
('e8d4271d-b76f-47d2-8e1e-604ac74f5018', 'd99353c7-29b9-41c4-be73-84c3dd4ae1c8', 'e27ecfba-8c67-44ce-a1fd-1a778939591d'),
('e9d497ac-c36d-4127-a13b-2784807f6b48', '376432c2-f87b-41e0-99c8-b02ae709d9e1', 'f35d516d-19b6-4028-b7eb-b548f733b96c'),
('e9f38316-a324-422c-9f80-da886de94fc5', 'bf61a079-1664-41c2-ab5f-b7f847946319', '5d4f09da-35d2-4fa0-8c8e-cfc2dd3efdfa'),
('ec071aa6-b342-48e9-a16b-8a1307ec40bf', 'b4633f30-6e3e-42bd-bc73-f4b1c0447551', 'f35d516d-19b6-4028-b7eb-b548f733b96c'),
('ecf4d0e7-921a-4762-a756-3ca65c9518f4', '52a17923-5ff6-4624-9398-ec25f8103427', '5d4f09da-35d2-4fa0-8c8e-cfc2dd3efdfa'),
('ed0da524-deea-4ded-b3a7-f71d2bb6b2c9', '148b0bcd-92ee-4dee-aa95-3f4f842221b8', 'f35d516d-19b6-4028-b7eb-b548f733b96c'),
('ef09729d-9b52-4d5b-8e9b-7a0b553b0118', '4c548fe5-e5e7-4751-9441-164223ed56c4', 'f35d516d-19b6-4028-b7eb-b548f733b96c'),
('ef2abb55-b2fa-44c7-9c25-ddf36709c166', '31cce784-900f-44eb-84ce-a8c99a95b2f6', '5d4f09da-35d2-4fa0-8c8e-cfc2dd3efdfa'),
('ef9653e3-1ea4-4cc6-a6b0-614c0b671fec', 'bc3d7e54-b10a-4218-871d-1b668eed718c', '53955cae-f776-4bec-9795-510a25fd5c8e'),
('eff1b083-2319-4076-8297-7e5db291d9ff', 'e2ce7ed8-b463-45a1-a737-95a0bdfa90d3', 'f35d516d-19b6-4028-b7eb-b548f733b96c'),
('f091b072-a606-4bd3-a737-800d35f1a042', '092684ab-487c-4424-8ff3-4d63ded1d172', '5d4f09da-35d2-4fa0-8c8e-cfc2dd3efdfa'),
('f0ca1221-56a6-4631-8bce-ae429bc8faf1', 'f26eee7e-00b8-4891-8134-81b0ad3b0278', '53955cae-f776-4bec-9795-510a25fd5c8e'),
('f23d8165-b6ff-410c-b7f7-8206f7023737', 'ddcd069a-667f-4f9b-b873-dff3cf67f772', '5d4f09da-35d2-4fa0-8c8e-cfc2dd3efdfa'),
('f2c6f909-b78d-41b9-b01d-01a92b8a52ad', '22d22167-8fc6-4193-a0d3-0b3a7467f447', 'f35d516d-19b6-4028-b7eb-b548f733b96c'),
('f33bbff3-70cb-4b8b-b342-7a72739e7cac', '3259f0bb-cdf0-4944-a5a1-23bf31a44fda', '53955cae-f776-4bec-9795-510a25fd5c8e'),
('f368fd22-2a57-4344-b5f7-80e4b8a86e7e', '1aa674fb-0969-47c3-b5e2-08322d31ac29', 'f35d516d-19b6-4028-b7eb-b548f733b96c'),
('f3f1d578-d61c-4429-973e-c459856126d8', '7349e530-34e7-4c72-b99c-ac1f3e7d3c62', '5d4f09da-35d2-4fa0-8c8e-cfc2dd3efdfa'),
('f4d265bc-b632-4b53-b73d-13f9f69b7946', '96c71392-506f-475d-893d-a19d20c701c5', 'f35d516d-19b6-4028-b7eb-b548f733b96c'),
('f4de0ff6-4b0c-440e-9aec-08d28ca859fc', '3c941071-76eb-4e8f-93ba-b04bf00353e8', 'e0e616d7-9af0-4334-8cfb-e51024979895'),
('f5e8d4ab-929e-46e3-b15a-ece23e96b3cc', '5e537228-433e-4380-8c64-1c595c2022ad', 'f35d516d-19b6-4028-b7eb-b548f733b96c'),
('f75cee50-17ec-4a19-9067-8e2c6c565dec', 'a336d99a-0da6-4291-82c2-6a9c69ba743f', 'e0e616d7-9af0-4334-8cfb-e51024979895'),
('f809ba98-9b65-4fc9-ae1c-9a7678635f0a', '91bcba60-348c-4d95-ab5f-5cfa67548fa4', 'f35d516d-19b6-4028-b7eb-b548f733b96c'),
('f849594c-b3cf-4937-9628-4ce99f8537c7', '69725055-3ace-4038-b66b-81e2beb793b9', 'e0e616d7-9af0-4334-8cfb-e51024979895'),
('f86f4134-68d9-4585-8285-ee519235fd26', 'afbb2919-baaa-4d15-a5c2-f80d8c24c015', 'e0e616d7-9af0-4334-8cfb-e51024979895'),
('f8d073c8-8666-4666-9380-604f7548c8d7', '0a8f714a-d447-4acd-97aa-0dd5644ff5ce', 'f35d516d-19b6-4028-b7eb-b548f733b96c'),
('f9200116-1f8c-4d8a-989d-884d2f0b6b6c', '9c7afc04-a95f-4bbc-8122-90aeb38a2c73', 'f35d516d-19b6-4028-b7eb-b548f733b96c'),
('f92464e3-4a47-4058-973a-563e4b1c8a9a', 'd67e008c-27a3-45db-83e1-f8e4de9279df', 'f35d516d-19b6-4028-b7eb-b548f733b96c'),
('f945d6d2-94d0-4dd8-96e2-86d87065265b', '9f91789f-4309-4ff8-b473-b4a96629c1b8', '53955cae-f776-4bec-9795-510a25fd5c8e'),
('f9657aa4-381d-4def-9c33-4d5688cc2cb5', '6fa4b43d-f964-4464-a208-0329b2433469', 'f35d516d-19b6-4028-b7eb-b548f733b96c'),
('f981b677-cd7f-4121-b0b4-dd44f2e2ccfe', '815254ba-22f9-4999-8c9a-94a004586058', '5d4f09da-35d2-4fa0-8c8e-cfc2dd3efdfa'),
('f99ff625-64a3-4016-8de8-a6cb1e44ddf8', '8aa730ca-7343-4be1-9adb-cd735431551a', 'f35d516d-19b6-4028-b7eb-b548f733b96c'),
('f9e7c9c0-9074-44b0-b4d2-6eacc2515f09', '2a8f5b8f-7d65-465e-98f9-a8ceed9b6d56', '5d4f09da-35d2-4fa0-8c8e-cfc2dd3efdfa'),
('fa8afbc8-0cc7-445e-b2a4-352679556c06', '1490f1ba-2599-4e39-9b5c-599635230f99', 'f35d516d-19b6-4028-b7eb-b548f733b96c'),
('faa94202-6a34-451a-a351-58a6ea1dc8ad', '0a688b0c-41b0-4577-bb9b-ae03b064ba14', 'e0e616d7-9af0-4334-8cfb-e51024979895'),
('fad2ae59-caa1-46e4-9d7f-151c248d9053', 'bc3d7e54-b10a-4218-871d-1b668eed718c', 'e0e616d7-9af0-4334-8cfb-e51024979895'),
('fc34153e-4dd6-44f2-82e9-13efc9c2385e', '1ebab1e8-8923-4442-9174-c1b4bc507109', '5d4f09da-35d2-4fa0-8c8e-cfc2dd3efdfa'),
('fd1ced33-8bca-4d46-85ff-a08b06815275', '5152f3af-d1ee-4d42-9a95-746d3266b2cf', '5d4f09da-35d2-4fa0-8c8e-cfc2dd3efdfa'),
('fd8ea576-42a1-46a4-a999-ffc22df510a5', '7b5da181-f406-4b93-974d-e3fe18a69528', 'e0e616d7-9af0-4334-8cfb-e51024979895'),
('fda84f34-2caa-4dd6-a71f-9c914ca07161', 'e393b3ab-ea00-47ff-b1ea-44bc380d0944', 'e0e616d7-9af0-4334-8cfb-e51024979895'),
('fdf0374c-ebf6-49a4-845d-477fc3bee123', 'abb73cf3-c97c-4ea0-8c99-8518c27486ea', 'af6552f9-83b7-4aec-ab82-a33205fc11ef'),
('fe31f7be-c807-4538-9866-342b5ebff173', 'ebb71c75-9b06-4fbb-ac20-a73c325ab12f', '5d4f09da-35d2-4fa0-8c8e-cfc2dd3efdfa'),
('febc04ba-69e7-48bc-b90b-2156d4160e3f', '7764a25a-2fa0-45ea-ae2a-0392a68be319', 'f35d516d-19b6-4028-b7eb-b548f733b96c'),
('ff10225e-6ea8-4082-a919-4a4e93ffa449', '29c822de-3398-408a-b012-39045904b995', '5d4f09da-35d2-4fa0-8c8e-cfc2dd3efdfa'),
('ffc62f12-3e1d-44a4-aae3-b9082743858b', 'a42b2ddb-0460-4290-b954-079e60cffaa6', 'f35d516d-19b6-4028-b7eb-b548f733b96c'),
('ffd60aef-15e8-4765-9b5e-0e27144686da', '089b1537-3330-413c-8ef0-ae6ff25f7a41', 'e0e616d7-9af0-4334-8cfb-e51024979895');

-- --------------------------------------------------------

--
-- Table structure for table `tb_kasir`
--

CREATE TABLE `tb_kasir` (
  `id` int(11) NOT NULL,
  `namaPelanggan` varchar(50) NOT NULL,
  `tanggal` date NOT NULL,
  `keterangan` varchar(50) NOT NULL,
  `total` int(11) NOT NULL,
  `bayar` int(11) NOT NULL,
  `kembalian` int(11) NOT NULL,
  `hidden` varchar(30) NOT NULL,
  `namaBarang` varchar(100) NOT NULL
) ENGINE=InnoDB DEFAULT CHARSET=utf8mb4 COLLATE=utf8mb4_general_ci;

--
-- Dumping data for table `tb_kasir`
--

INSERT INTO `tb_kasir` (`id`, `namaPelanggan`, `tanggal`, `keterangan`, `total`, `bayar`, `kembalian`, `hidden`, `namaBarang`) VALUES
(1, 'saya', '2022-06-09', 'keterangan ', 470, 500000, 30, '', ''),
(8, 'cek', '2022-07-04', 'cek', 100, 300000, 200, '', 'sarung'),
(10, 'agus', '2022-07-04', 'pelanggan baru', 204, 300000, 96, '', 'oli'),
(11, 'Agus Salim', '2022-07-04', 'Pelanggan Lama', 20, 50000, 30, '', 'Lampu Depan'),
(13, 'afusa', '2022-07-04', 'dek', 404, 2000222, 1, '', 'oke'),
(14, 'deeer', '2022-07-04', 'erqeqe', 24, 212122, 187, '', 'qweqe');

-- --------------------------------------------------------

--
-- Table structure for table `tb_laporan`
--

CREATE TABLE `tb_laporan` (
  `idLaporan` int(11) NOT NULL,
  `namaPemesan` varchar(50) NOT NULL,
  `jenisLaporan` varchar(30) NOT NULL,
  `barangTerbeli` varchar(50) NOT NULL,
  `totalHarga` int(11) NOT NULL,
  `keterangan` varchar(50) NOT NULL,
  `tanggalPemesanan` date NOT NULL,
  `tanggalDibuat` datetime NOT NULL
) ENGINE=InnoDB DEFAULT CHARSET=utf8mb4 COLLATE=utf8mb4_general_ci;

--
-- Dumping data for table `tb_laporan`
--

INSERT INTO `tb_laporan` (`idLaporan`, `namaPemesan`, `jenisLaporan`, `barangTerbeli`, `totalHarga`, `keterangan`, `tanggalPemesanan`, `tanggalDibuat`) VALUES
(1, 'subagyo', 'Service Booking', 'barang 1', 450000, 'ini keterangan', '2022-06-08', '2022-06-12 00:29:49'),
(4, 'as', 'Service Booking', 'as', 0, 'as', '2022-06-24', '2022-06-19 11:40:14');

-- --------------------------------------------------------

--
-- Table structure for table `tb_layanan`
--

CREATE TABLE `tb_layanan` (
  `idLayanan` int(11) NOT NULL,
  `jenisLayanan` varchar(20) NOT NULL,
  `jenisService` varchar(20) NOT NULL,
  `namaPelanggan` varchar(50) NOT NULL,
  `noWA` varchar(50) NOT NULL,
  `alamat` varchar(50) NOT NULL,
  `provinsi` varchar(50) NOT NULL,
  `kota` varchar(50) NOT NULL,
  `kecamatan` varchar(50) NOT NULL,
  `desa` varchar(50) NOT NULL,
  `dusun` varchar(50) NOT NULL,
  `tipeKendaraan` varchar(50) NOT NULL,
  `kilometer` varchar(20) NOT NULL,
  `merkKendaraan` varchar(50) NOT NULL,
  `namaKendaraan` varchar(50) NOT NULL,
  `warna` varchar(50) NOT NULL,
  `transmisi` varchar(50) NOT NULL,
  `jenisBensin` varchar(20) NOT NULL,
  `platNomor` varchar(20) NOT NULL,
  `jenisKendala` varchar(50) NOT NULL,
  `totalHarga` int(11) NOT NULL,
  `tanggalPemesanan` datetime NOT NULL,
  `jadwalBooking` date DEFAULT NULL,
  `verifikasi` varchar(25) NOT NULL
) ENGINE=InnoDB DEFAULT CHARSET=utf8mb4 COLLATE=utf8mb4_general_ci;

--
-- Dumping data for table `tb_layanan`
--

INSERT INTO `tb_layanan` (`idLayanan`, `jenisLayanan`, `jenisService`, `namaPelanggan`, `noWA`, `alamat`, `provinsi`, `kota`, `kecamatan`, `desa`, `dusun`, `tipeKendaraan`, `kilometer`, `merkKendaraan`, `namaKendaraan`, `warna`, `transmisi`, `jenisBensin`, `platNomor`, `jenisKendala`, `totalHarga`, `tanggalPemesanan`, `jadwalBooking`, `verifikasi`) VALUES
(8, 'HomeService', '', 'Agung Prasetyo', '09847733', 'jalan hayam muruk nomer 123', '', 'Jember', 'Wuluhan', 'Ampel', 'Krajan', 'bebek', '1', 'yamaha', 'vega', 'Hijau', 'd', '2w', 'L 12982 KW', 'dad', 0, '2022-07-03 00:00:00', NULL, 'Sudah Terverifikasi'),
(12, 'ServiceDibengkel', '', 'Dimyati Azhar', '09847733', 'jalan hayam muruk nomer 123', '', '', '', '', '', 'Matic', '1KM', 'Honda', 'Vario', 'Putih', '', '', 'P 12982 KW', ' Ganti Oli', 0, '2022-07-03 00:00:00', '2022-07-03', 'Sudah Dilayani'),
(14, 'ServiceDibengkel', '', 'Dimyati Azhar', '09847733', 'jalan hayam muruk nomer 123', '', '', '', '', '', 'bebek', '1Km', 'yamaha', 'vega', 'Putih', 'manual', 'pertamax', 'L 12982 KW', 'Ban ganti', 0, '2022-07-04 00:00:00', '2022-07-04', 'Sudah Dilayani'),
(15, 'HomeService', '', 'Dimyati Azhar', '09847733', 'jalan hayam muruk nomer 123', '', 'Jember', 'Wuluhan', 'Ampel', 'Krajan', 'bebek', '1Km', 'yamaha', 'vega', 'Hijau', '', '', 'L 12982 KW', 'Ganti Oli', 0, '2022-07-04 00:00:00', NULL, 'Belum Terverifikasi'),
(16, 'ServiceDibengkel', '', 'Dimyati Azhar', '09847733', 'jalan hayam muruk nomer 123', '', '', '', '', '', 'bebek', '1Km', 'yamaha', 'vega', 'Putih', '', '', 'L 12982 KW', 'Ganti Aki ', 0, '2022-07-04 00:00:00', '2022-07-04', 'Sudah Dilayani');

-- --------------------------------------------------------

--
-- Table structure for table `tb_midtrans`
--

CREATE TABLE `tb_midtrans` (
  `nama` varchar(50) NOT NULL,
  `alamat` varchar(50) NOT NULL,
  `order_id` varchar(20) NOT NULL,
  `gross_amount` int(11) NOT NULL,
  `payment_type` varchar(50) NOT NULL,
  `transaction_time` varchar(50) NOT NULL,
  `bank` varchar(50) NOT NULL,
  `va_number` varchar(50) NOT NULL,
  `pdf_url` varchar(255) NOT NULL,
  `status_code` varchar(5) NOT NULL,
  `noTelp` varchar(20) NOT NULL,
  `email` varchar(50) NOT NULL
) ENGINE=InnoDB DEFAULT CHARSET=utf8mb4 COLLATE=utf8mb4_general_ci;

--
-- Dumping data for table `tb_midtrans`
--

INSERT INTO `tb_midtrans` (`nama`, `alamat`, `order_id`, `gross_amount`, `payment_type`, `transaction_time`, `bank`, `va_number`, `pdf_url`, `status_code`, `noTelp`, `email`) VALUES
('Agung Prasetyo', 'jalan hayam muruk nomer 123', '1302491688', 270000, 'bank_transfer', '2022-07-01 07:01:42', 'bca', '87933602073', 'https://app.sandbox.midtrans.com/snap/v1/transactions/cff723f6-ad78-4300-801e-5cf3d56fad74/pdf', '201', '09847733', 'agung@mail.com'),
('asd', 'asd', '186595092', 120000, 'bank_transfer', '2022-06-12 07:52:00', 'bca', '87933524039', 'https://app.sandbox.midtrans.com/snap/v1/transactions/bfa40037-3106-4162-8ae5-af6343b81cec/pdf', '201', '09394934', 'asdasd@gmail.com'),
('Agung Prasetyo', 'jalan hayam muruk nomer 123', '1894139759', 480000, 'bank_transfer', '2022-07-01 07:19:02', 'bca', '87933720747', 'https://app.sandbox.midtrans.com/snap/v1/transactions/77005d47-bfe9-4603-92fc-58022ee01a04/pdf', '201', '09847733', 'agung@mail.com'),
('Agung Prasetyo', 'jalan hayam muruk nomer 123', '305259713', 54000, 'bank_transfer', '2022-06-30 06:40:26', 'bca', '87933931832', 'https://app.sandbox.midtrans.com/snap/v1/transactions/bf6ad323-de9a-4b86-91cb-d0037755b579/pdf', '201', '09847733', 'agung@mail.com'),
('Agung Prasetyo', 'jalan hayam muruk nomer 123', '387264444', 216000, 'bank_transfer', '2022-07-01 07:18:03', 'bca', '87933635254', 'https://app.sandbox.midtrans.com/snap/v1/transactions/6ac2ff91-0158-4f58-94e4-206895c619e3/pdf', '201', '09847733', 'agung@mail.com'),
('Dimyati Azhar', 'jalan hayam muruk nomer 123', '42373422', 228000, 'bank_transfer', '2022-07-04 20:38:07', 'bca', '87933141423', 'https://app.sandbox.midtrans.com/snap/v1/transactions/a3ba36fe-720a-4d3f-be2b-cc34d41d4f67/pdf', '201', '09847733', 'agung@gmail.com'),
('Dimyati Azhar', 'jalan hayam muruk nomer 123', '585662114', 228000, 'bank_transfer', '2022-07-03 21:08:59', 'bca', '87933323830', 'https://app.sandbox.midtrans.com/snap/v1/transactions/9d0cbd5f-d325-474f-8525-91678abb4267/pdf', '201', '09847733', 'agung@mail.com'),
('Ahmad', 'jalan luduk ombo nomer 12', '77988668', 120000, 'bank_transfer', '2022-06-12 08:26:13', 'bca', '87933225864', 'https://app.sandbox.midtrans.com/snap/v1/transactions/4570d660-a690-4d7c-8563-d29a47a6acaf/pdf', '201', '09873839472', 'ahmadc4hy4@gmail.com');

-- --------------------------------------------------------

--
-- Table structure for table `tb_mobil`
--

CREATE TABLE `tb_mobil` (
  `idMobil` varchar(36) NOT NULL,
  `jenisMobil` varchar(50) NOT NULL,
  `merkMobil` varchar(50) NOT NULL,
  `nopol` varchar(10) NOT NULL,
  `tahun` int(4) NOT NULL,
  `harga12` varchar(30) NOT NULL,
  `harga24` varchar(30) NOT NULL,
  `bahanBakar` varchar(15) NOT NULL,
  `warna` varchar(15) NOT NULL,
  `denda` varchar(30) NOT NULL,
  `seat` int(6) NOT NULL,
  `statusTersedia` varchar(15) NOT NULL,
  `gambarMobil` text NOT NULL
) ENGINE=InnoDB DEFAULT CHARSET=utf8mb4 COLLATE=utf8mb4_general_ci;

--
-- Dumping data for table `tb_mobil`
--

INSERT INTO `tb_mobil` (`idMobil`, `jenisMobil`, `merkMobil`, `nopol`, `tahun`, `harga12`, `harga24`, `bahanBakar`, `warna`, `denda`, `seat`, `statusTersedia`, `gambarMobil`) VALUES
('00a84cf1-add4-46ea-8fb2-6c1218b4b2c3', 'Inova Venturer', 'Toyota', 'L 1682 JQ', 2017, '500000', '550000', 'Bensin', 'Grey', '55000', 7, '0', 'inova2.jpeg'),
('08c98660-6a43-4da3-946d-83f23d3f4c0e', 'New Avanza Putih', 'Toyota', 'W 1178 YC', 2023, '300000', '350000', 'Bensin', 'Putih', '35000', 7, '1', 'AVANZA_PUTIH1.jpeg'),
('09446e0f-e3c3-4446-9191-c94de813dfdc', 'Pick Up Granmax Hitam', 'Daihatsu', 'W 8073 PK', 2023, '200000', '250000', 'Bensin', 'Hitam', '25000', 2, '1', ''),
('1da628b9-b9d1-45fb-b13b-b6f8250d75ae', 'Scross', 'Suzuki', 'W 1921 N', 0, '250000', '300000', 'Bensin', 'Putih', '27500', 5, '1', 'S-CROSS.png'),
('3805ee2c-aef2-41ae-93ce-d958c3393f86', 'New Avanza Putih Online', 'Toyota', 'W 1178 YC', 2023, '0', '200000', 'Bensin', 'Putih', '0', 7, '1', ''),
('41d6abb6-fd70-4018-bc39-06ed65b81a84', 'Stargazer', 'Hyundai', 'W 1012 YR', 2023, '400000', '450000', 'Bensin', 'Hitam', '45000', 7, '1', 'Stargazer1.jpeg'),
('4306da1a-7d7d-4aec-9004-dbd01c68c844', 'Pickup New Carry', 'Suzuki', 'W 8126 PI', 2022, '200000', '250000', 'Bensin', 'Putih', '25000', 2, '0', 'PU_Carry_br.jpeg'),
('481c5777-1bd3-4f11-b368-9a9e854cb980', 'BRV', 'Honda', 'W 1150 WK', 0, '350000', '400000', 'Bensin', 'Putih', '40000', 7, '0', 'BRVVVVVVVVVVVVVVVVV.jpeg'),
('5ce1f493-cbdb-4931-ad5f-80b9c84c6517', 'Ayla Kuning', 'Daihatsu', 'L 1179 HB', 0, '200000', '250000', 'Bensin', 'Kuning', '25000', 5, '1', ''),
('62fc7126-6ab5-4de5-ac9c-d5dfe68e6a55', 'Ertiga GL', 'Suzuki', 'W 1029 ZC', 0, '250000', '300000', 'Bensin', 'Coklat', '30000', 0, '0', ''),
('77addbdc-9a80-4a62-a509-3ec9ebfb1d74', 'Ertiga Gx', 'Suzuki', 'W 1115 WM', 0, '250000', '300000', 'Bensin', 'Coklat', '30000', 0, '1', 'Ertiga_Hybrid.jpeg'),
('85f05a5d-f164-4f34-89d3-ba3ea760587e', 'Grand Livina', 'Nissan', '', 0, '150000', '200000', 'Bensin', 'Putih', '20000', 8, '0', ''),
('8bb7138b-1b70-4915-a181-a68bd76bf50f', 'Fortuner', 'Toyota', 'W 1525 YM', 2016, '650000', '700000', 'Solar', 'Hitam', '70000', 7, '1', 'FORTUNER1.jpeg'),
('961e3b85-be49-4dd2-878d-e8ec1cac4874', 'Pajero Sport', 'Mitsubishi', 'L 1018 CV', 2016, '650000', '700000', 'Solar', 'Hitam', '60000', 7, '0', ''),
('a214a622-902b-4862-9be9-8c65516bab66', 'Sigra Manual Online', 'Daihatsu', 'W 1120 YB', 2023, '0', '150000', 'Bensin', 'Putih', '0', 7, '1', 'Sigra_pth.jpeg'),
('b0e3466a-dc70-4a96-a298-be07507e688b', 'Juke Revolt', 'Nissan', 'W 1302 WC', 0, '225000', '275000', 'Bensin', 'Putih', '27500', 5, '0', 'Jukeeee1.jpeg'),
('b97c7c58-8edc-4a34-824a-5e1c8200d4f2', 'New Avanza Hitam', 'Toyota', 'W 1179 YC', 2023, '300000', '350000', 'Bensin', 'Hitam', '35000', 7, '1', 'Avanza_Htamm.jpeg'),
('c0a3e3a8-ae5a-45e8-99fe-49869cc91f15', 'Pickup Granmax Grey', 'Daihatsu', 'W 8354 PI', 2023, '200000', '250000', 'Bensin ', 'Grey', '25000', 2, '1', 'pu_gran_abu2.jpeg'),
('cfb2d54b-7df3-4117-81af-23f2db40a0f4', 'Sigra Manual', 'Daihatsu', 'W 1120 YB', 2023, '225000', '275000', 'Bensin', 'Putih', '27500', 7, '1', 'Sigra_pth1.jpeg'),
('d7a1d18e-957b-458d-9015-89aa07f7bba6', 'Ertiga Hybird', 'Suzuki', 'W 1115 WM', 0, '300000', '350000', 'Bensin', 'Coklat', '35000', 7, '1', 'Ertiga_Hybrid1.jpeg'),
('da10845e-b345-4923-85e5-20b86cf6f4b8', 'Pickup New Carry Bulanan', 'Suzuki', 'W 8126 PI', 2023, '0', '150000', 'Bensin', 'Putih', '0', 2, '1', 'pu_carry_putiih.jpeg'),
('e396fa35-f649-45c3-a325-24c8cf978601', 'Inova Venturer Bulanan', 'Toyota', 'L 1682 JQ', 2017, '0', '11000000', 'Solar', 'Grey', '0', 7, '1', ''),
('ec8cae6c-ec0d-475a-a474-e3a4f6494a43', 'Sigra Grey AT', 'Daihatsu', 'W 1197 VI', 0, '250000', '300000', 'Bensin', 'Grey', '27500', 7, '1', 'SIGRA_MATIC.png'),
('f5c50769-9882-4e39-80b4-110a1693815a', 'New Ayla R Merah', 'Daihatsu', 'W 1202 YB', 2023, '250000', '300000', 'Bensin', 'Merah', '30000', 5, '1', 'Ayla_merah.jpeg');

-- --------------------------------------------------------

--
-- Table structure for table `tb_motor`
--

CREATE TABLE `tb_motor` (
  `id` int(11) NOT NULL,
  `merk_motor` varchar(100) NOT NULL,
  `type_motor` varchar(100) NOT NULL,
  `plat_nomor` varchar(100) NOT NULL
) ENGINE=InnoDB DEFAULT CHARSET=utf8mb4 COLLATE=utf8mb4_general_ci;

-- --------------------------------------------------------

--
-- Table structure for table `tb_pelanggan`
--

CREATE TABLE `tb_pelanggan` (
  `idPelanggan` varchar(36) NOT NULL,
  `nik` varchar(16) NOT NULL,
  `namaPelanggan` varchar(50) NOT NULL,
  `noTelp` varchar(15) NOT NULL,
  `alamat` text NOT NULL,
  `fotoKtp` text NOT NULL
) ENGINE=InnoDB DEFAULT CHARSET=utf8mb4 COLLATE=utf8mb4_general_ci;

--
-- Dumping data for table `tb_pelanggan`
--

INSERT INTO `tb_pelanggan` (`idPelanggan`, `nik`, `namaPelanggan`, `noTelp`, `alamat`, `fotoKtp`) VALUES
('01726940-e0ff-4d00-8484-fbd658256d87', '', 'Amin Maulana ', '082131947497', 'Taman Dhika Cluster Bromo H-2, Sidokerto, Buduran, Sidoarjo', ''),
('02fbc6b3-bc8f-472f-b395-eb4bb46e43ee', '', 'Yuangga Saputra', '082264131234', 'Surya Residence Blok 3D No.6 Damarsi,Buduran, Sidoarjo', ''),
('03cc4a77-3a45-4a68-a774-9cdb6e84c966', '', 'Dony Eka Prasetia', '083825778075', 'Jl. Raya Gelam No.30  Rt.13 Rw.3 Gelam, Candi, Sidoarjo', ''),
('046a1dd6-591d-4925-9d61-8b31d65e3228', '', 'Eric Widjaja. SE', '082228787087', 'Raya Sutorejo Prima 5/PJ-5 RT.02 RW09 Dukuh Sutorejo Surabaya', ''),
('0c6400bb-b0f5-4414-ac9a-1534b4b64c1f', '', 'Doni Anggara', '083830425582', 'Babatan Jati RT.10 RW.03 Sidoarjo', ''),
('0c652b56-c130-4173-a59e-326b31693507', '', 'Gadhi Suwandhi', '085792024268', 'Jl Haji Syukur 07 Gg.Garuda Blok O No.24 Sedati Gede', ''),
('0fc110c7-c74b-416c-9f02-7e68055d2335', '', 'Joe Masvidal Kukuh johan Darmawan', '085707237327', 'Jl Sidosermo IV Gg Pondok No.21 Sidoserimo Wonocolo', ''),
('12d16479-4ba1-4554-8846-2437a00f52aa', '', 'Akbar Zaelani Hafidz', '', 'Kebonsari RT.02 RW.02 Candi Sidoarjo', ''),
('1340f3a1-ae51-4da8-a6fe-2a6f304fe159', '', 'Bakti Hariyadi', '082234137642', 'Simojawar 6/70A Simomulyo Baru Sukomanunggal', ''),
('13d01268-0da8-4145-bce8-5a99783db744', '', 'Yoga Sugama, sp', '085755117630', 'Bukit Kismadani XII kav.175 No.41 RT.01 RW.13 Bluru Kidul Sidoarjo', ''),
('188bf4fa-165b-4071-a915-a33f639987de', '', 'Moch Yusril Abdilah', '088995229907', 'Jl R Wijaya RT.06 RW.01 Sidokumpul Sidoarjo', ''),
('1bee02ce-06be-4db9-9bd8-8402dfe01975', '3515141502060003', 'Randy Farrell', '082142041249', 'Citra Harmoni Blok A6-08 Rt.31 Rw.7 Sidodadi, Taman, Sidoarjo', 'KTP_Randy_Farrell.jpeg'),
('1d9da9f2-f4b2-431a-ad0f-12cd31dd3279', '', 'Setia Budi', '082291705261', 'Dsn. Entalsewu Gg. Masjid Kos ', ''),
('1f28d86d-2843-4526-9b45-16689dc806fb', '', 'Achmad Amirul Mutaqin ', '08563080829', 'Permata Candiloka Blok T-8-08 RT.07 RW.04 Balonggabus', ''),
('1fedbff2-fc97-41d1-b3ba-0234adbaee97', '', 'Zhang Meng', '082376598232', 'Manukan, Surabaya', ''),
('232802ac-08ba-4835-90a9-6a15ea087790', '', 'Muhammad Abid Rusyid', '085854342979', 'Jl Anggrek 3/9 RT.02 RW.04 Kureksari Waru Sidoarjo', ''),
('2d7e36dc-379d-4c54-818a-b1c27be317a9', '', 'Aldila Sukma Putri', '081938189070', 'Griya Permata Gedangan B2/1 RT.11 RW.06 Kebonsikep', ''),
('2e244059-cfd9-4cbf-9198-e85cbebd7ac3', '3503030505950003', 'Eki Sasminto', '082245761550', 'Jl. wonorejo timur I Blok C No.108, Rungkut, Surabaya', ''),
('2f60530e-f0ca-488e-bad5-019f22d8fec4', '', 'Ian Ardata Novandro', '081259353433', 'Griya Kebraon Utara 3AB/16 Rt.6 Rw.9 Karang Pilang, Sby', ''),
('2fc9fc2f-8eb1-4260-91e8-130d723b7710', '', 'Dr. Elisa Dwiyanti', '08562166480', 'North West Park NDI no.36 Pakal Surabaya', ''),
('33392047-b4ed-4964-9481-adae75422a89', '', 'Nihro Afandi', '083831841445', 'Perum Jaya Maspion Permata A3-22 Rt.27 Rw.5', ''),
('3bf7272d-b07c-48f9-a5d1-79cc85462740', '', 'Hamdan Fachrudin', '', 'Panjunan 1/82A RT.20 RW.03 Bulusidokare Sidoarjo', ''),
('3c06b830-5736-4576-884f-bdd153baca6e', '3515171009700002', 'Mangapul Simangunsong', '081332417779', 'Griya Candra Mas AB-21 Rt.1 Rw.13 Pepe Sedati, Sidoarjo', ''),
('3c147b88-19dd-4eaa-b526-50f421d9b842', '', 'Lusi Ekawati / Isroil', '082220006291', 'Bluru Permai FG-22 Rt.8 Rw.11 Bluru Kidul, Sidoarjo', ''),
('3de21837-fa25-44f0-8373-8f4ed8875c29', '', 'M. Lubalul Lazuardi', '085646040441', 'Jl KH Rm Abbas 1Siwalanpanji Buduran Sidoarjo', ''),
('4312ba92-27e5-4078-b4a4-dae1ea793a97', '', 'Ade Yuda Pradana', '081232607944', 'Puri Indah L-05 RT.33 RW.09 Suko Sidoarjo', ''),
('43c156c7-7071-4e26-8a7f-5be1a32904d0', '', 'Bagus Novianto', '081231480632', 'Karangbong RT.05 RW.01 Gedangan no.09', ''),
('4710b79a-5c9d-4d80-b516-23c73932fb51', '', 'Mithar', '082243970806', 'Rungkut Menanggal 2/15 RT.01 RW.02 Gunung Anyar Surabaya', ''),
('54105721-498e-45a7-83ce-5625485875bd', '', 'Kholifathan Nisaa', '', 'Jl Kh Ahmad Dahlan RT.016 RW.003 Porong', ''),
('553b7d5d-1ec8-4c33-aafe-86fbb4bfeb4a', '', 'Febby Nanda Maharani ', '087765565065', 'Mulyorejo Utara 195 Rt.6 Rw.1 Mulyorejo', ''),
('575cd95f-49b4-488b-a5aa-a156975e6fc8', '', 'Ainul Ghurri', '087701495250', 'Jl Mujaer RT.06 RW.03 Banjarkemuning Sedati', ''),
('5b33a333-dcbd-4f2b-ba7a-91fbc54b31ad', '', 'Ardiya Maulidya', '', 'Kepuh Permai Jl Merbabu M-16 Kepuh Kiruman Waru', ''),
('5b6dbce7-7422-4ae7-8af8-c6a863b92945', '', 'M Zidni Akmal', '08983539212', 'Perum Taman Hedona Regency Claster Eden A6 No.09', ''),
('5e195a9c-8460-4231-8b89-31787a5dbd79', '', 'Habib Asyari', '081936271887', 'Dusun Kauman RT.02 RW.01 Sepande Candi Sidoarjo', ''),
('624835c7-a87a-43dc-8352-a6c804eb4883', '', 'Maradoni', '085340217584', 'Jl Delta Aulia no.41 Ngingas Waru Sidoarjo', ''),
('635bcdb1-57b2-4076-a0da-50e87df0142f', '', 'Fachrurrozi', '085934665675', 'Surabaya, KP Baru RT.11 RW.08 Cakung Barat, Cakung', ''),
('642002c6-f2ed-4321-b2f6-b91bc7b76387', '', 'Farid Hidayat', '081357356738', 'Perum Putri Juanda B 12-16 Sidoarjo', ''),
('660ec055-7863-4b8b-8d8b-43e8b8325a32', '', 'Devy Noor Prameswari', '081222220525', 'Perum Griya Nirwana A4-12A RT.02 RW.16 Sumorame Candi Sidoarjo', ''),
('66887610-9187-4fcf-8791-9ce43235550e', '', 'Edi Purnomo', '081235052248', 'Jotosanur RT.02 RW.01 Tikung Lamongan', ''),
('674bb841-b76d-471b-99b5-506949204d7d', '3515080512870003', 'Tito Jiwa Anugerah', '082138554994', 'Bluru Permai V-20 Rt.1 Rw.10 Bluru Kidul, Sidoarjo', ''),
('69253eba-13bc-4468-9b8a-8d9c0f2b7d69', '', 'Budi Prasetyo', '087776772369', 'Dsn Beciro RT.10 RW.04 Kos Pak karyono', ''),
('69e214ca-6dea-43b8-98e0-ee759d1d5f64', '', 'M abdul Kharim', '', 'Winning Salon/ Bp. Supriadi Kedung Banteng RT.03 RW.02 Tanggulangin', ''),
('6bab5134-d94c-4155-8974-2a348fd81c68', '', 'Budi', '087864226327', 'Warung Sate depan Rs Rahman Rahim Saimbang', ''),
('6db2b538-a76f-4924-88f8-f6072705d625', '', 'Wawan Yogi Lumintang', '081330619357', 'Gg Bhayangkara Permai Blok O/12 Urangagung', ''),
('6ee7f2e3-88ac-42eb-b8a0-44bab3810903', '', 'Edy Prasetyo', '081276761990', 'Bumi Cabean Asri H 3/7 Kali Pecabean, Candi, Sidoarjo', 'Edy_Prasetyo.jpeg'),
('6f98f1df-160d-4116-8ebe-cc5e9388e515', '', 'Agil Yulianto', '085895959002', 'Kebon sikep RT.07 RW.01 Gedangan Sidoarjo No.38', ''),
('71637f4e-aa62-4e17-be3a-bd5352a2c517', '', 'Kurniawan Tri Cahyono', '08133223611', 'Jajar Tunggal, Wiyung Surabaya', ''),
('728a0607-d4c4-4f98-8ec0-1892ada78973', '3515081901870004', 'Prasetyo', '087755989772 08', 'Perum Citra Amanda Garden U-2617 Rt.31/Rw.7 Sumokali, Candi', ''),
('74c536eb-95ce-4e55-b010-05cbb72d8f87', '', 'Farroz Ghaly Astafan', '087702728600', 'Griya permata gedangan 01 kebonsikep gedangan sidoarjo', ''),
('74e8751c-a016-40a4-8f13-23cebe8b5be0', '', 'Indriani Alfi O', '085850792285', 'Jl A Yani Gg Wisma 6 Sidoarjo', ''),
('7518fbc0-48bd-4755-ae23-8ac126eb8bf8', '3578103003920007', 'Deva Fransiska', '083837201089', 'Jl. Ambengan Gang VI No.27, Tambaksari, Surabaya', 'Deva_Fransiska.jpeg'),
('759b9511-939d-4689-bc58-c7c9738d1070', '', 'Ahmat Ehiakbar', '0895340317717', 'JL Saidani No.28-D Tambak Sumur Waru Sidoarjo', ''),
('781806c6-c47b-4dac-ac4c-d230454e7ee2', '', 'Teguh Wiyono', '083834861050', 'Kedung Asem IV A/24 B Rungkut Surabaya', ''),
('7cd00e83-bbee-4431-8eb5-e9c941a89dad', '', 'Imron Syachsena', '083831320660', 'Perumtas II Blok P-3/41 Kali Sampurno Tanggulangin ', ''),
('7d4a79e4-8247-4d8a-844c-9ed1349dae0b', '', 'Mohammad Naim Andi Y', '085867587671', 'Komplek TNI Angkatan Laut, Jl Batik 3 No.7 Tebel Sidoarjo', ''),
('806bb616-8382-4009-aede-7f266c1942eb', '', 'M. Nafiudin', '082139773581', 'Kragan 05/02 kragan, Gedangan, Sidoarjo', ''),
('8108068b-bd5f-4777-a5a6-2d9f205bc306', '', 'Ferry (PRC)', '', 'Tanggulangin', ''),
('81fbbf6f-3b33-4156-bff0-266657460fea', '', 'Aris Setiawan', '081234472069', 'Jl Ngemplak no.42 RT.06 RW.03 Semampir Sedati Sidoarjo', ''),
('83ece686-bfb8-4140-86c5-44289dbeadef', '', 'Ricky Basoka', '089516585220', 'Jl. Brigjen Katamso No.168 A RT.07 RW.03, Kedungrejo, Waru, Sidoarjo', ''),
('84e4977b-4555-4703-80ad-9a57d5aa0865', '', 'Chandra Adiguna Gladiar', '081288378228', 'Ketintang Timur PTT 1/37 Rt.1 Rw.1 Gayungan, Surabaya', ''),
('84f60eba-283b-4bae-b4f5-abb9d2a5ba9a', '', 'Rama Adhisurya Alfrianto', '08924685151', 'Brantang Beal 5/S2 Rt.06 RW.07 Surabaya ', ''),
('8542175d-b4fd-4879-90ef-efb10a738a50', '3578101811860008', 'Hermawan Budi Santoso', '081935259836', 'Jl. Letjen Sutoyo No.15 D Krajan Kulon, Waru, Sidoarjo', ''),
('85541945-cc0c-4293-94dd-af9ed7ff5ce3', '', 'Tri Bimo Prakoso', '082228898068', 'Jl Joyoboyo RT.06 RW.02 Medaeng Waru Sidoarjo', ''),
('85fa4821-dfc2-4222-8bc0-7befcbf5dac7', '', 'Rismawan Puspito Aji', '085706018917', 'Perum Surya Residence Blok 3F/3 RT.04 RW.06 Buduran', ''),
('87207d52-caa2-462b-8d69-747f5b9d3dbc', '', 'Hendri', '081275647612', 'Sidokepung Pasarean Sapu Jagad Kos-kos Bu Umi no.12', ''),
('87bfbb20-3f9d-4f7a-98d0-c2b39a16aa34', '', 'Hendro Pratiknyo', '085806010885', 'Kebonagung Sukodono Kontrakan PT ONI', ''),
('88de2513-26e5-4fba-81a8-e14f7103d7eb', '', 'Didik Hariyanto', '082141997387', 'Jl Raya No.18 RT.18 RW.05 Desa Candi Sidoarjo', ''),
('8957924d-bbf6-411f-aa9f-33b4432aabbe', '', 'Umy Belva Zen', '08111902475', 'Deltasari Indah AT-12 Rt.8 Rw.9 Kureksari, Waru, Sidoarjo', ''),
('8f648377-f5d8-4c13-a044-ee8e74c975e6', '', 'CV. Dwijaya Sentosa', '081999883161', 'Jl Tambak Medokan Ayu Gg 4 no.49 Rungkut Surabaya', ''),
('8f9ee932-b37e-48f1-82d5-29a380cd11fe', '', 'Muhammad Efrian Julianto', '081217894295', 'Jl Jogoyudo 211 RT.10 RW.03 Sidoarjo', ''),
('903e3ff2-dbd7-401d-b2b9-779936439de9', '', 'Richo Ramadhan Ishari', '082113000080', 'Ds Karet RT.01 RW.01 Krembung (Salon Facho Beauty)', ''),
('936a188b-3c5a-4fdc-831b-3aa2f56cc957', '', 'Didik Maryoto', '', 'Simo Gunung Kramat Barat, Sawahan, Surabaya ', ''),
('94bdbc31-af91-44c5-9b8d-9841317dc17b', '', 'Welly Susanto', '085103434763', 'Quality Garden Blok F-5 Gamping Krian', ''),
('950050df-e4f1-4124-be5a-71699eab5bb7', '', 'Mokhammad Yusuf Wicaksono', '082230026397', 'Gg Teratai No.27, Surabaya', 'SIM_C_Mokhammad_Yusuf_Wicaksono.jpeg'),
('95077e14-25f8-4fbc-a050-eca383ef8595', '', 'Ega Wijayana Sutrisno', '085104071363', 'Jl KH Mukmin RT.06 RW.02 (Gang Minu) Sidokare Sidoarjo', ''),
('96b3baec-9cd9-4488-97a4-d33d6967d722', '', 'Mukhamad Fandy Kurniansy', '081229818947', 'Karangbangkal 07/05 Karangrejo, Gempol, Pasuruan', ''),
('9a621fd0-0f51-4fd1-9fc7-f0e3e444eb2a', '', 'Fachrurrozii', '085934665675', 'Kebon anom RT.01 RW.03 Lampung Sawon C5', ''),
('9ce58997-95a3-407b-afd7-81ba87a336f5', '', 'Purbo Sasono', '081231841473', 'Perum Taman Delta Blok H no 04 Kalipecabean Candi', ''),
('9d3c4ab2-2519-4376-b20f-d44aeeb9deef', '', 'Agus Supriadi', '081235106050', 'P. Sidokare Asri Bk/03 RT.02 RW.16 Sidokare Sidoarjo', ''),
('a4471720-87e4-4f89-95f0-616a50ba9f3a', '', 'Danilo Sevaraya', '089661277350', 'Taman Dhika Cluster Ijen D8-18 Sidokerto, Buduran, Sidoarjo', ''),
('a48f749a-5c2f-4629-b36c-74cb4d9c96af', '', 'Dwi Sapto Hadibowo', '085732532687', 'Kavling Suruh Permai 2 Blok A6 RT.04 RW.01', ''),
('a6bb93c1-71db-4765-acbb-f3dade5cf73c', '', 'Heti Nur Sultan', '085731439608', 'Jl Sukorejo Baru GG.6 RT.12 RW.04 (Ksr Pak Dadang)', ''),
('a6c9f837-c3fc-44d8-893e-e49fa8618220', '3316043001900001', 'Pramungkas Ardhie Yudha', '081249208821', 'Desa Gondel RT.05 RW.03 Gondel Kedungtuban', 'WhatsApp_Image_2023-10-30_at_16_39_10.jpeg'),
('aaadbb84-4873-44bc-87dd-0402a806ac80', '', 'Fauziah Irwan Maulana', '081547665582', 'Musholla Al-Ikhlas Belakangnya Sidokerto 2', ''),
('af9f9fe1-769a-418c-8c5f-dba0148e0fc0', '', 'M. Attauzah Ramona', '085723459382', 'Jl. Kawi No.49 Rt.6 Rw.3 Pepelegi, Waru, Sidoarjo', ''),
('b1c01e86-6fcb-46c9-9483-d3610b2a2309', '', 'Agus Pribadi', '081271325958', 'Perumtas 4 cluster bromo 02-16 sidodadi candi sidoarjo', ''),
('b6bdad8c-62bb-4e0e-81cc-11e9432cbe52', '3578263103890004', 'Andryas Pramana Ruanda', '082257550005', 'Jl. Kendangsari No.87 Rt.4 Rw.4 Tenggilis Mejoyo, Surabaya', ''),
('b6cfda52-ebef-4b0c-85ad-5b0424b3a9db', '', 'Dimas Ilmu Rollyanto', '08814398509', 'Griya Kartika VIII V-4 Cemandi Sedati Sidoarjo', ''),
('ba09451b-b336-4af0-971f-1c9e8632559c', '3373031303860001', 'Yohanes Leo Gagat Rahino', '082331820168', 'Puri Surya Jaya Athena H3-07, Gedangan, Sidoarjo', ''),
('bc7d7812-5a81-416b-9c9c-1831dc56a321', '', 'Vicky Imam Abdillah', '082110757142', 'Perum Sidokare Asri Blok AG/4 Sepande, Candi, Sidoarjo', ''),
('c01921f4-c30f-4f50-a5f5-0af51a1c1c17', '', 'Jafar Arifin', '082330860006', 'Cangkring Rt.23 Rw.6, Sidoarjo', 'Jafar_Arifin.jpeg'),
('ccc0130a-1ba1-41f4-bc2e-646e9fa9e2e5', '', 'Mochammad Hasyim Asyari', '081252046952', 'Dsn. Kemulan RT.4 rW.3 lambangan, Wonoayu, Sidoarjo', ''),
('d0765a54-abc1-419b-bfc0-a252a9954168', '', 'Totok Hariyadi', '081332228599', 'Pucang Anom RT/RW 05/01 Pucang Anom Sidoarjo', ''),
('d2574a4a-b119-4336-be39-b6379f1231e8', '', 'Muhammad Iqbal Damanik', '', 'Jl KH Mas Mansyur no 146 RT.03 RW.04 Nyamplungan Pabean Cantikan', ''),
('d371a002-7de1-479c-aa0b-32732b4b1a9c', '', 'Muhammad Irfan', '082245450641', 'Ngingas Timur Krian', ''),
('d3d486a9-75c4-4e2b-9bd2-104642503d3c', '', 'Denny Adrianto', '082230980206', 'Dukuh Banjarbendo Rt.1 Rw.1, Sidoarjo', ''),
('d68a98c5-6ca6-44f1-855f-35633ad67d08', '', 'Fadil', '082338032048', 'Perumahan dolok wadungasih no.14 buduran sidoarjo', ''),
('d714b9cc-28d5-4f42-a43f-6dcb641a327d', '', 'Dinda Arista Ramadhania', '0881026112082', 'Jl Bangkat T-12 RT.17 RW.05 Lebo Sidoarjo', ''),
('d8506786-5beb-4456-8502-600fade488db', '', 'Febri Andi Darmawan', '087762927707', 'The Taman Dhika Cluster Bromo Blok C-9', ''),
('da2fcbbe-ccc6-427b-bb3c-e1b39af19f8d', '', 'Iwan Samsudin', '08811614931', 'Mlaten RT.22 RW.06 Sidokepung Buduran Sidoarjo', ''),
('dd880b11-bd6b-41b0-8577-5b7a79b0e4fc', '', 'Romi Santika', '081355471617', 'Jl Maskulin 4 Kel Masangan Kulon Kecamatan Sukodono', ''),
('de75c18d-79f4-4140-8245-f8e8cedf4adf', '', 'Taufik Setiawan ', '087851720118', 'Taman Tiara Mediteran Cluster D-2116, Sidoarjo', 'Taufik_Setiawan.jpeg'),
('e075d3f7-4061-46f5-89e8-4df944096810', '', 'Muhammad Efrian J', '081217894295', 'JL Jogoyudo 211, Sekardangan Sidoarjo', ''),
('e421a105-70a7-44b6-8a5d-58a9e4d73774', '3314091610850004', 'Ndindik Tri Kurniawan', '087831767261', 'Nyamplung Rt.26 Rw.6 Sumokali, Candi, Sidoarjo', ''),
('e7e83d8c-6bc9-4484-9402-e022e677a7e0', '', 'Heri Setyawan', '081234895903', 'Rungkut Tengah 3D/24 Rt.3 Rw.5 Gunung Anyar, Surabaya', ''),
('ec50bbb3-59b2-42bd-bd71-72b5b3b5eb68', '', 'Agung Gunawan', '081330325613', 'Jl. Brigjen Katamso No.168 A Rt.7 Rw.3, Kedungrejo, Waru, Sidoarjo', ''),
('ee0026fa-9131-4b38-8f6d-fd93b0b36419', '6471032411960002', 'Luqman Dwi Hidayat', '082196681153', 'Perum Jaya Hamoni Blok JH-10 No.49 Rt.48 Rw.4 Sidokepung, Buduran, Sidoarjo', ''),
('ef7979e6-b1f0-4e1d-9f35-ff79a7b7e9d3', '', 'Choirul Anwar', '082211907878', 'Sumberwaru Rt.2 Rw.3 Wringinanom, Gresik', 'SIM_C_Choirul_Anwar.jpeg'),
('f1849e2c-9a42-47e7-af53-e6f4316cf5f8', '', 'M Saif Alikhan', '', 'Jl Kolonel Sugiono 104 Desa Kalisari Waru Sidoarjo', ''),
('f1af93c2-c46b-4e7a-a61e-cf84b4d48c63', '', 'Setyo Umbaryono', '085232602132', 'Jl Wagir Barat Gg IV no.17 Kalangsan Sedati Sidoarjo', ''),
('f4d8b46b-3754-4b37-a5cb-d26f095c02dc', '', 'Iwan Prasetyo', '081290714008', 'Sono Indah Utara IV RT.06 RW.05 Sidokerto Buduran no.22', ''),
('f8bd0bad-334a-4a00-b8ff-fb2c63a6fd94', '', 'Tamsul Yadi', '0817590311', 'Citra Pesona Buduran B2/24 Rt.37 Rw.7 Sidokepung, Sidoarjo', ''),
('f94b4aea-fce4-4efb-b56c-8ef88570cb79', '', 'Prasetyo', '087755989772', 'Perum Citra Armada Garden U-2617 Rt.31 Rw.7 Candi, Sda', ''),
('fa3f054a-7b5a-489d-b210-6521030eb33a', '', 'M Abid Rusyid', '085854342979', 'Jl. Anggrek 3/9 RT.02 RW.04 Kareksari Waru Sidoarjo', ''),
('fa5c2ccb-b5a0-40e6-b7b8-45cf31209b92', '', 'Richo Trijayanto', '0897887841', 'Kalijaten RT.08 RW.02 Taman Sepanjang Sidoarjo', ''),
('fa6dc37d-5542-4888-b7e9-7399bbab2454', '', 'Awik Sandi Ulijaya', '081332280002', 'Perum Sapphire Residene Blok 5C no.06 Prasung Buduran', ''),
('fbb8db05-5469-4a63-9de7-dc1969dd505a', '', 'M. Adi Prasetya', '087759272037', 'Sidopurno RT.09 RW.02 Sidokepung Buduran Sidoarjo', ''),
('fd69e4ed-5f3b-4e6b-9225-d4fc4387212a', '', 'Frisky Novia Bellatika', '081937235585', 'Asrama Yon Arhanudse 8 RT.02 RW.04 Sruni Gedangan Sidoarjo', ''),
('feb187a6-6b55-4123-b786-da1a1ed274f1', '', 'Erwin Yuliana', '085732267799', 'Putri Juanda B.12 No.16 Pepe Sedati', '');

-- --------------------------------------------------------

--
-- Table structure for table `tb_pesanan`
--

CREATE TABLE `tb_pesanan` (
  `idPesanan` int(11) NOT NULL,
  `idInvoice` int(11) NOT NULL,
  `idBarang` int(11) NOT NULL,
  `namaBarang` varchar(50) NOT NULL,
  `jumlah` tinyint(4) NOT NULL,
  `harga` int(11) NOT NULL
) ENGINE=InnoDB DEFAULT CHARSET=utf8mb4 COLLATE=utf8mb4_general_ci;

--
-- Dumping data for table `tb_pesanan`
--

INSERT INTO `tb_pesanan` (`idPesanan`, `idInvoice`, `idBarang`, `namaBarang`, `jumlah`, `harga`) VALUES
(3, 2, 1, 'barang 1', 1, 120000),
(4, 3, 1, 'barang 1', 1, 120000),
(5, 4, 3, 'barang 2', 1, 54000),
(6, 5, 3, 'barang 2', 5, 54000),
(7, 6, 3, 'barang 2', 4, 54000),
(8, 7, 1, 'barang 1', 4, 120000),
(9, 8, 1, 'barang 1', 1, 120000),
(10, 10, 3, 'barang 2', 2, 54000),
(11, 10, 1, 'barang 1', 1, 120000),
(12, 11, 3, 'barang 2', 2, 54000),
(13, 11, 1, 'barang 1', 1, 120000);

--
-- Triggers `tb_pesanan`
--
DELIMITER $$
CREATE TRIGGER `pesananProduct` AFTER INSERT ON `tb_pesanan` FOR EACH ROW BEGIN
	UPDATE tb_product SET stok = stok-NEW.jumlah
    WHERE idBarang = NEW.idBarang;
END
$$
DELIMITER ;

-- --------------------------------------------------------

--
-- Table structure for table `tb_product`
--

CREATE TABLE `tb_product` (
  `idBarang` int(11) NOT NULL,
  `namaBarang` varchar(50) NOT NULL,
  `namaSuplier` varchar(50) NOT NULL,
  `kategori` varchar(50) NOT NULL,
  `harga` int(11) NOT NULL,
  `keterangan` text NOT NULL,
  `stok` int(11) NOT NULL,
  `gambar` text NOT NULL
) ENGINE=InnoDB DEFAULT CHARSET=utf8mb4 COLLATE=utf8mb4_general_ci;

--
-- Dumping data for table `tb_product`
--

INSERT INTO `tb_product` (`idBarang`, `namaBarang`, `namaSuplier`, `kategori`, `harga`, `keterangan`, `stok`, `gambar`) VALUES
(1, 'barang 111', '', 'Benda Kecil', 120000, 'ini keterangan', 10, 'Sparepart_Dashboard.png'),
(3, 'barang 2', '', 'Body Motoraaaa', 54000, 'ini bodyaaaa', 16, 'profile_page.jpg'),
(4, 'asdsadadsadasdsadsadsadsadsadsad', '', 'Knalpot', 0, '11111', 0, ''),
(5, 'asdsad', '', 'Benda Kecil', 0, 'sad', 0, '');

-- --------------------------------------------------------

--
-- Table structure for table `tb_tentang`
--

CREATE TABLE `tb_tentang` (
  `idTentang` int(11) NOT NULL,
  `menuTentang` varchar(50) NOT NULL,
  `deskripsi` varchar(100) NOT NULL
) ENGINE=InnoDB DEFAULT CHARSET=utf8mb4 COLLATE=utf8mb4_general_ci;

--
-- Dumping data for table `tb_tentang`
--

INSERT INTO `tb_tentang` (`idTentang`, `menuTentang`, `deskripsi`) VALUES
(1, 'Berkah Abadi Motor', 'Melayani Service, Ganti Oli, Sparepart, dll');

-- --------------------------------------------------------

--
-- Table structure for table `tb_user`
--

CREATE TABLE `tb_user` (
  `idUser` varchar(36) NOT NULL,
  `namaUser` varchar(50) NOT NULL,
  `namaPerusahaan` varchar(50) NOT NULL,
  `username` varchar(50) NOT NULL,
  `password` text NOT NULL,
  `alamat` varchar(50) NOT NULL,
  `deskripsi` varchar(50) NOT NULL,
  `noTelp` varchar(20) NOT NULL,
  `email` varchar(50) NOT NULL,
  `sosialMedia` varchar(100) NOT NULL,
  `roleId` tinyint(4) NOT NULL,
  `id_motor` int(11) NOT NULL,
  `nama_motor` varchar(100) NOT NULL,
  `merk_motor` varchar(100) NOT NULL,
  `type_motor` varchar(100) NOT NULL,
  `plat_nomor` varchar(100) NOT NULL,
  `provinsi` varchar(100) NOT NULL,
  `kecamatan` varchar(100) NOT NULL,
  `kota` varchar(100) NOT NULL,
  `desa` varchar(100) NOT NULL,
  `dusun` varchar(100) NOT NULL
) ENGINE=InnoDB DEFAULT CHARSET=utf8mb4 COLLATE=utf8mb4_general_ci;

--
-- Dumping data for table `tb_user`
--

INSERT INTO `tb_user` (`idUser`, `namaUser`, `namaPerusahaan`, `username`, `password`, `alamat`, `deskripsi`, `noTelp`, `email`, `sosialMedia`, `roleId`, `id_motor`, `nama_motor`, `merk_motor`, `type_motor`, `plat_nomor`, `provinsi`, `kecamatan`, `kota`, `desa`, `dusun`) VALUES
('0bd222f8-6e42-11ee-915d-71f781a1a24b', 'Via', 'Evano Trans', 'via', '123', 'Sidoarjo', '-', '', '-', '-', 2, 0, '-', '-', '-', '-', '-', '-', '-', '-', '-'),
('cf5ed63c-6e41-11ee-915d-71f781a1a24b', 'Tiyas', '', 'tiyas', 'asd', 'Gempol porong', '', '09847733', 'tiyas@gmail.com', '', 2, 0, 'Vario', 'Honda', 'Matic', 'L 12982 KW', '', 'Pasuruan', 'Pasuruan', 'Pasuruan', 'Pasuruan'),
('dc8a75da-6e41-11ee-915d-71f781a1a24b', 'Eko Budi Setiawan', '', 'superadmin', 'asd', 'Semolowaru Utara I/14B', 'ini deskripsi', '085733410870', 'admin@gmail.com', 'tidak ada', 1, 0, '0', '0', '0', '0', '', '', '', '', '');

--
-- Indexes for dumped tables
--

--
-- Indexes for table `tb_formkembali`
--
ALTER TABLE `tb_formkembali`
  ADD PRIMARY KEY (`idKembali`);

--
-- Indexes for table `tb_formsewa`
--
ALTER TABLE `tb_formsewa`
  ADD PRIMARY KEY (`idSewa`);

--
-- Indexes for table `tb_invoice`
--
ALTER TABLE `tb_invoice`
  ADD PRIMARY KEY (`idInvoice`);

--
-- Indexes for table `tb_jaminan`
--
ALTER TABLE `tb_jaminan`
  ADD PRIMARY KEY (`idJaminan`);

--
-- Indexes for table `tb_jaminansewa`
--
ALTER TABLE `tb_jaminansewa`
  ADD PRIMARY KEY (`id`);

--
-- Indexes for table `tb_kasir`
--
ALTER TABLE `tb_kasir`
  ADD PRIMARY KEY (`id`);

--
-- Indexes for table `tb_laporan`
--
ALTER TABLE `tb_laporan`
  ADD PRIMARY KEY (`idLaporan`);

--
-- Indexes for table `tb_layanan`
--
ALTER TABLE `tb_layanan`
  ADD PRIMARY KEY (`idLayanan`);

--
-- Indexes for table `tb_midtrans`
--
ALTER TABLE `tb_midtrans`
  ADD PRIMARY KEY (`order_id`);

--
-- Indexes for table `tb_mobil`
--
ALTER TABLE `tb_mobil`
  ADD PRIMARY KEY (`idMobil`);

--
-- Indexes for table `tb_pelanggan`
--
ALTER TABLE `tb_pelanggan`
  ADD PRIMARY KEY (`idPelanggan`);

--
-- Indexes for table `tb_pesanan`
--
ALTER TABLE `tb_pesanan`
  ADD PRIMARY KEY (`idPesanan`);

--
-- Indexes for table `tb_product`
--
ALTER TABLE `tb_product`
  ADD PRIMARY KEY (`idBarang`);

--
-- Indexes for table `tb_tentang`
--
ALTER TABLE `tb_tentang`
  ADD PRIMARY KEY (`idTentang`);

--
-- Indexes for table `tb_user`
--
ALTER TABLE `tb_user`
  ADD PRIMARY KEY (`idUser`);

--
-- AUTO_INCREMENT for dumped tables
--

--
-- AUTO_INCREMENT for table `tb_invoice`
--
ALTER TABLE `tb_invoice`
  MODIFY `idInvoice` int(11) NOT NULL AUTO_INCREMENT, AUTO_INCREMENT=12;

--
-- AUTO_INCREMENT for table `tb_kasir`
--
ALTER TABLE `tb_kasir`
  MODIFY `id` int(11) NOT NULL AUTO_INCREMENT, AUTO_INCREMENT=15;

--
-- AUTO_INCREMENT for table `tb_laporan`
--
ALTER TABLE `tb_laporan`
  MODIFY `idLaporan` int(11) NOT NULL AUTO_INCREMENT, AUTO_INCREMENT=5;

--
-- AUTO_INCREMENT for table `tb_layanan`
--
ALTER TABLE `tb_layanan`
  MODIFY `idLayanan` int(11) NOT NULL AUTO_INCREMENT, AUTO_INCREMENT=17;

--
-- AUTO_INCREMENT for table `tb_pesanan`
--
ALTER TABLE `tb_pesanan`
  MODIFY `idPesanan` int(11) NOT NULL AUTO_INCREMENT, AUTO_INCREMENT=14;

--
-- AUTO_INCREMENT for table `tb_product`
--
ALTER TABLE `tb_product`
  MODIFY `idBarang` int(11) NOT NULL AUTO_INCREMENT, AUTO_INCREMENT=6;

--
-- AUTO_INCREMENT for table `tb_tentang`
--
ALTER TABLE `tb_tentang`
  MODIFY `idTentang` int(11) NOT NULL AUTO_INCREMENT, AUTO_INCREMENT=2;
COMMIT;

/*!40101 SET CHARACTER_SET_CLIENT=@OLD_CHARACTER_SET_CLIENT */;
/*!40101 SET CHARACTER_SET_RESULTS=@OLD_CHARACTER_SET_RESULTS */;
/*!40101 SET COLLATION_CONNECTION=@OLD_COLLATION_CONNECTION */;
